id,collarid,fromdepth,todepth,units,accuracy,modifieddate,modifiedby,mrtfileid
24739162,1547510,0,1,NULL,NULL,NULL,NULL,47515
24739163,1547510,1,2,NULL,NULL,NULL,NULL,47515
24739164,1547510,2,3,NULL,NULL,NULL,NULL,47515
24739165,1547510,3,4,NULL,NULL,NULL,NULL,47515
24739166,1547510,4,5,NULL,NULL,NULL,NULL,47515
24739167,1547510,5,6,NULL,NULL,NULL,NULL,47515
24739168,1547510,6,7,NULL,NULL,NULL,NULL,47515
24739169,1547510,7,8,NULL,NULL,NULL,NULL,47515
24739170,1547510,8,9,NULL,NULL,NULL,NULL,47515
24739171,1547510,9,10,NULL,NULL,NULL,NULL,47515
24739172,1547510,10,11,NULL,NULL,NULL,NULL,47515
24739173,1547510,11,12,NULL,NULL,NULL,NULL,47515
24739174,1547510,12,13,NULL,NULL,NULL,NULL,47515
24739175,1547510,13,14,NULL,NULL,NULL,NULL,47515
24739176,1547510,14,15,NULL,NULL,NULL,NULL,47515
24739177,1547510,15,16,NULL,NULL,NULL,NULL,47515
24739178,1547510,16,17,NULL,NULL,NULL,NULL,47515
24739179,1547510,17,18,NULL,NULL,NULL,NULL,47515
24739180,1547510,18,19,NULL,NULL,NULL,NULL,47515
24739181,1547510,19,20,NULL,NULL,NULL,NULL,47515
24739182,1547510,20,21,NULL,NULL,NULL,NULL,47515
24739183,1547510,21,22,NULL,NULL,NULL,NULL,47515
24739184,1547510,22,23,NULL,NULL,NULL,NULL,47515
24739185,1547510,23,24,NULL,NULL,NULL,NULL,47515
24739186,1547510,24,25,NULL,NULL,NULL,NULL,47515
24739187,1547510,25,26,NULL,NULL,NULL,NULL,47515
24739188,1547510,26,27,NULL,NULL,NULL,NULL,47515
24739189,1547510,27,28,NULL,NULL,NULL,NULL,47515
24739190,1547510,28,29,NULL,NULL,NULL,NULL,47515
24739191,1547510,29,30,NULL,NULL,NULL,NULL,47515
24739192,1547510,30,31,NULL,NULL,NULL,NULL,47515
24739193,1547510,31,32,NULL,NULL,NULL,NULL,47515
24739194,1547510,32,33,NULL,NULL,NULL,NULL,47515
24739195,1547510,33,34,NULL,NULL,NULL,NULL,47515
24739196,1547510,34,35,NULL,NULL,NULL,NULL,47515
24739197,1547510,35,36,NULL,NULL,NULL,NULL,47515
24739198,1547510,36,37,NULL,NULL,NULL,NULL,47515
24739199,1547510,37,38,NULL,NULL,NULL,NULL,47515
24739200,1547510,38,39,NULL,NULL,NULL,NULL,47515
24739201,1547510,39,40,NULL,NULL,NULL,NULL,47515
24739202,1547510,40,41,NULL,NULL,NULL,NULL,47515
24739203,1547510,41,42,NULL,NULL,NULL,NULL,47515
24739204,1547510,42,43,NULL,NULL,NULL,NULL,47515
24739205,1547510,43,44,NULL,NULL,NULL,NULL,47515
24739206,1547510,44,45,NULL,NULL,NULL,NULL,47515
24739207,1547510,45,46,NULL,NULL,NULL,NULL,47515
24739208,1547510,46,47,NULL,NULL,NULL,NULL,47515
24739209,1547510,47,48,NULL,NULL,NULL,NULL,47515
24739210,1547510,48,49,NULL,NULL,NULL,NULL,47515
24739211,1547510,49,50,NULL,NULL,NULL,NULL,47515
24739212,1547510,50,51,NULL,NULL,NULL,NULL,47515
24739213,1547510,51,52,NULL,NULL,NULL,NULL,47515
24739214,1547510,52,53,NULL,NULL,NULL,NULL,47515
24739215,1547510,53,54,NULL,NULL,NULL,NULL,47515
24739216,1547510,54,55,NULL,NULL,NULL,NULL,47515
24739217,1547510,55,56,NULL,NULL,NULL,NULL,47515
24739218,1547510,56,57,NULL,NULL,NULL,NULL,47515
24739219,1547510,57,58,NULL,NULL,NULL,NULL,47515
24739220,1547510,58,59,NULL,NULL,NULL,NULL,47515
24739221,1547510,59,60,NULL,NULL,NULL,NULL,47515
24739222,1547510,60,61,NULL,NULL,NULL,NULL,47515
24739223,1547510,61,62,NULL,NULL,NULL,NULL,47515
24739224,1547510,62,63,NULL,NULL,NULL,NULL,47515
24739225,1547510,63,64,NULL,NULL,NULL,NULL,47515
24739226,1547510,64,65,NULL,NULL,NULL,NULL,47515
24739227,1547510,65,66,NULL,NULL,NULL,NULL,47515
24739228,1547510,66,67,NULL,NULL,NULL,NULL,47515
24739229,1547510,67,68,NULL,NULL,NULL,NULL,47515
24739230,1547510,68,69,NULL,NULL,NULL,NULL,47515
24739231,1547510,69,70,NULL,NULL,NULL,NULL,47515
24739232,1547510,70,71,NULL,NULL,NULL,NULL,47515
24739233,1547510,71,72,NULL,NULL,NULL,NULL,47515
24739234,1547510,72,73,NULL,NULL,NULL,NULL,47515
24739235,1547510,73,74,NULL,NULL,NULL,NULL,47515
24739236,1547510,74,75,NULL,NULL,NULL,NULL,47515
24739237,1547510,75,76,NULL,NULL,NULL,NULL,47515
24739238,1547510,76,77,NULL,NULL,NULL,NULL,47515
24739239,1547510,77,78,NULL,NULL,NULL,NULL,47515
24739240,1547510,78,79,NULL,NULL,NULL,NULL,47515
24739241,1547510,79,80,NULL,NULL,NULL,NULL,47515
24739242,1547510,80,81,NULL,NULL,NULL,NULL,47515
24739243,1547510,81,82,NULL,NULL,NULL,NULL,47515
24739244,1547510,82,83,NULL,NULL,NULL,NULL,47515
24739245,1547510,83,84,NULL,NULL,NULL,NULL,47515
24739246,1547510,84,85,NULL,NULL,NULL,NULL,47515
24739247,1547510,85,86,NULL,NULL,NULL,NULL,47515
24739248,1547510,86,87,NULL,NULL,NULL,NULL,47515
24739249,1547510,87,88,NULL,NULL,NULL,NULL,47515
24739250,1547510,88,89,NULL,NULL,NULL,NULL,47515
24739251,1547510,89,90,NULL,NULL,NULL,NULL,47515
24739252,1547510,90,91,NULL,NULL,NULL,NULL,47515
24739253,1547510,91,92,NULL,NULL,NULL,NULL,47515
24739254,1547510,92,93,NULL,NULL,NULL,NULL,47515
24739255,1547510,93,94,NULL,NULL,NULL,NULL,47515
24739256,1547510,94,95,NULL,NULL,NULL,NULL,47515
24739257,1547510,95,96,NULL,NULL,NULL,NULL,47515
24739258,1547510,96,97,NULL,NULL,NULL,NULL,47515
24739259,1547510,97,98,NULL,NULL,NULL,NULL,47515
24739260,1547510,98,99,NULL,NULL,NULL,NULL,47515
24739261,1547510,99,100,NULL,NULL,NULL,NULL,47515
24739262,1547510,100,101,NULL,NULL,NULL,NULL,47515
24739263,1547510,101,102,NULL,NULL,NULL,NULL,47515
24739264,1547510,102,103,NULL,NULL,NULL,NULL,47515
24739265,1547510,103,104,NULL,NULL,NULL,NULL,47515
24739266,1547510,104,105,NULL,NULL,NULL,NULL,47515
24739267,1547510,105,106,NULL,NULL,NULL,NULL,47515
24739268,1547510,106,107,NULL,NULL,NULL,NULL,47515
24739269,1547510,107,108,NULL,NULL,NULL,NULL,47515
24739270,1547510,108,109,NULL,NULL,NULL,NULL,47515
24739271,1547511,0,1,NULL,NULL,NULL,NULL,47515
24739272,1547511,1,2,NULL,NULL,NULL,NULL,47515
24739273,1547511,2,3,NULL,NULL,NULL,NULL,47515
24739274,1547511,3,4,NULL,NULL,NULL,NULL,47515
24739275,1547511,4,5,NULL,NULL,NULL,NULL,47515
24739276,1547511,5,6,NULL,NULL,NULL,NULL,47515
24739277,1547511,6,7,NULL,NULL,NULL,NULL,47515
24739278,1547511,7,8,NULL,NULL,NULL,NULL,47515
24739279,1547511,8,9,NULL,NULL,NULL,NULL,47515
24739280,1547511,9,10,NULL,NULL,NULL,NULL,47515
24739281,1547511,10,11,NULL,NULL,NULL,NULL,47515
24739282,1547511,11,12,NULL,NULL,NULL,NULL,47515
24739283,1547511,12,13,NULL,NULL,NULL,NULL,47515
24739284,1547511,13,14,NULL,NULL,NULL,NULL,47515
24739285,1547511,14,15,NULL,NULL,NULL,NULL,47515
24739286,1547511,15,16,NULL,NULL,NULL,NULL,47515
24739287,1547511,16,17,NULL,NULL,NULL,NULL,47515
24739288,1547511,17,18,NULL,NULL,NULL,NULL,47515
24739289,1547511,18,19,NULL,NULL,NULL,NULL,47515
24739290,1547511,19,20,NULL,NULL,NULL,NULL,47515
24739291,1547511,20,21,NULL,NULL,NULL,NULL,47515
24739292,1547511,21,22,NULL,NULL,NULL,NULL,47515
24739293,1547511,22,23,NULL,NULL,NULL,NULL,47515
24739294,1547511,23,24,NULL,NULL,NULL,NULL,47515
24739295,1547511,24,25,NULL,NULL,NULL,NULL,47515
24739296,1547511,25,26,NULL,NULL,NULL,NULL,47515
24739297,1547511,26,27,NULL,NULL,NULL,NULL,47515
24739298,1547511,27,28,NULL,NULL,NULL,NULL,47515
24739299,1547511,28,29,NULL,NULL,NULL,NULL,47515
24739300,1547511,29,30,NULL,NULL,NULL,NULL,47515
24739301,1547511,30,31,NULL,NULL,NULL,NULL,47515
24739302,1547511,31,32,NULL,NULL,NULL,NULL,47515
24739303,1547511,32,33,NULL,NULL,NULL,NULL,47515
24739304,1547511,33,34,NULL,NULL,NULL,NULL,47515
24739305,1547511,34,35,NULL,NULL,NULL,NULL,47515
24739306,1547511,35,36,NULL,NULL,NULL,NULL,47515
24739307,1547511,36,37,NULL,NULL,NULL,NULL,47515
24739308,1547511,37,38,NULL,NULL,NULL,NULL,47515
24739309,1547511,38,39,NULL,NULL,NULL,NULL,47515
24739310,1547511,39,40,NULL,NULL,NULL,NULL,47515
24739311,1547511,40,41,NULL,NULL,NULL,NULL,47515
24739312,1547511,41,42,NULL,NULL,NULL,NULL,47515
24739313,1547511,42,43,NULL,NULL,NULL,NULL,47515
24739314,1547511,43,44,NULL,NULL,NULL,NULL,47515
24739315,1547511,44,45,NULL,NULL,NULL,NULL,47515
24739316,1547511,45,46,NULL,NULL,NULL,NULL,47515
24739317,1547511,46,47,NULL,NULL,NULL,NULL,47515
24739318,1547511,47,48,NULL,NULL,NULL,NULL,47515
24739319,1547511,48,49,NULL,NULL,NULL,NULL,47515
24739320,1547511,49,50,NULL,NULL,NULL,NULL,47515
24739321,1547511,50,51,NULL,NULL,NULL,NULL,47515
24739322,1547511,51,52,NULL,NULL,NULL,NULL,47515
24739323,1547511,52,53,NULL,NULL,NULL,NULL,47515
24739324,1547511,53,54,NULL,NULL,NULL,NULL,47515
24739325,1547511,54,55,NULL,NULL,NULL,NULL,47515
24739326,1547511,55,56,NULL,NULL,NULL,NULL,47515
24739327,1547511,56,57,NULL,NULL,NULL,NULL,47515
24739328,1547511,57,58,NULL,NULL,NULL,NULL,47515
24739329,1547511,58,59,NULL,NULL,NULL,NULL,47515
24739330,1547511,59,60,NULL,NULL,NULL,NULL,47515
24739331,1547511,60,61,NULL,NULL,NULL,NULL,47515
24739332,1547511,61,62,NULL,NULL,NULL,NULL,47515
24739333,1547511,62,63,NULL,NULL,NULL,NULL,47515
24739334,1547511,63,64,NULL,NULL,NULL,NULL,47515
24739335,1547511,64,65,NULL,NULL,NULL,NULL,47515
24739336,1547511,65,66,NULL,NULL,NULL,NULL,47515
24739337,1547511,66,67,NULL,NULL,NULL,NULL,47515
24739338,1547511,67,68,NULL,NULL,NULL,NULL,47515
24739339,1547511,68,69,NULL,NULL,NULL,NULL,47515
24739340,1547511,69,70,NULL,NULL,NULL,NULL,47515
24739341,1547511,70,71,NULL,NULL,NULL,NULL,47515
24739342,1547511,71,72,NULL,NULL,NULL,NULL,47515
24739343,1547511,72,73,NULL,NULL,NULL,NULL,47515
24739344,1547511,73,74,NULL,NULL,NULL,NULL,47515
24739345,1547511,74,75,NULL,NULL,NULL,NULL,47515
24739346,1547511,75,76,NULL,NULL,NULL,NULL,47515
24739347,1547511,76,77,NULL,NULL,NULL,NULL,47515
24739348,1547511,77,78,NULL,NULL,NULL,NULL,47515
24739349,1547511,78,79,NULL,NULL,NULL,NULL,47515
24739350,1547511,79,80,NULL,NULL,NULL,NULL,47515
24739351,1547511,80,81,NULL,NULL,NULL,NULL,47515
24739352,1547511,81,82,NULL,NULL,NULL,NULL,47515
24739353,1547511,82,83,NULL,NULL,NULL,NULL,47515
24739354,1547511,83,84,NULL,NULL,NULL,NULL,47515
24739355,1547511,84,85,NULL,NULL,NULL,NULL,47515
24739356,1547511,85,86,NULL,NULL,NULL,NULL,47515
24739357,1547511,86,87,NULL,NULL,NULL,NULL,47515
24739358,1547511,87,88,NULL,NULL,NULL,NULL,47515
24739359,1547511,88,89,NULL,NULL,NULL,NULL,47515
24739360,1547511,89,90,NULL,NULL,NULL,NULL,47515
24739361,1547511,90,91,NULL,NULL,NULL,NULL,47515
24739362,1547511,91,92,NULL,NULL,NULL,NULL,47515
24739363,1547511,92,93,NULL,NULL,NULL,NULL,47515
24739364,1547511,93,94,NULL,NULL,NULL,NULL,47515
24739365,1547511,94,95,NULL,NULL,NULL,NULL,47515
24739366,1547511,95,96,NULL,NULL,NULL,NULL,47515
24739367,1547511,96,97,NULL,NULL,NULL,NULL,47515
24739368,1547511,97,98,NULL,NULL,NULL,NULL,47515
24739369,1547511,98,99,NULL,NULL,NULL,NULL,47515
24739370,1547511,99,100,NULL,NULL,NULL,NULL,47515
24739371,1547511,100,101,NULL,NULL,NULL,NULL,47515
24739372,1547511,101,102,NULL,NULL,NULL,NULL,47515
24739373,1547511,102,103,NULL,NULL,NULL,NULL,47515
24739374,1547511,103,104,NULL,NULL,NULL,NULL,47515
24739375,1547511,104,105,NULL,NULL,NULL,NULL,47515
24739376,1547511,105,106,NULL,NULL,NULL,NULL,47515
24739377,1547511,106,107,NULL,NULL,NULL,NULL,47515
24739378,1547511,107,108,NULL,NULL,NULL,NULL,47515
24739379,1547511,108,109,NULL,NULL,NULL,NULL,47515
24739380,1547511,109,110,NULL,NULL,NULL,NULL,47515
24739381,1547511,110,111,NULL,NULL,NULL,NULL,47515
24739382,1547511,111,112,NULL,NULL,NULL,NULL,47515
24739383,1547511,112,113,NULL,NULL,NULL,NULL,47515
24739384,1547511,113,114,NULL,NULL,NULL,NULL,47515
24739385,1547511,114,115,NULL,NULL,NULL,NULL,47515
24739386,1547511,115,116,NULL,NULL,NULL,NULL,47515
24739387,1547511,116,117,NULL,NULL,NULL,NULL,47515
24739388,1547511,117,118,NULL,NULL,NULL,NULL,47515
24739389,1547511,118,119,NULL,NULL,NULL,NULL,47515
24739390,1547511,119,120,NULL,NULL,NULL,NULL,47515
24739391,1547511,120,121,NULL,NULL,NULL,NULL,47515
24739392,1547511,121,122,NULL,NULL,NULL,NULL,47515
24739393,1547511,122,123,NULL,NULL,NULL,NULL,47515
24739394,1547511,123,124,NULL,NULL,NULL,NULL,47515
24739395,1547511,124,125,NULL,NULL,NULL,NULL,47515
24739396,1547511,125,126,NULL,NULL,NULL,NULL,47515
24739397,1547511,126,127,NULL,NULL,NULL,NULL,47515
24739398,1547511,127,128,NULL,NULL,NULL,NULL,47515
24739399,1547511,128,129,NULL,NULL,NULL,NULL,47515
24739400,1547511,129,130,NULL,NULL,NULL,NULL,47515
24739401,1547511,130,131,NULL,NULL,NULL,NULL,47515
24739402,1547511,131,132,NULL,NULL,NULL,NULL,47515
24739403,1547511,132,133,NULL,NULL,NULL,NULL,47515
24739765,1547520,0,1,NULL,NULL,NULL,NULL,47515
24739766,1547520,1,2,NULL,NULL,NULL,NULL,47515
24739767,1547520,2,3,NULL,NULL,NULL,NULL,47515
24739768,1547520,3,4,NULL,NULL,NULL,NULL,47515
24739769,1547520,4,5,NULL,NULL,NULL,NULL,47515
24739770,1547520,5,6,NULL,NULL,NULL,NULL,47515
24739771,1547520,6,7,NULL,NULL,NULL,NULL,47515
24739772,1547520,7,8,NULL,NULL,NULL,NULL,47515
24739773,1547520,8,9,NULL,NULL,NULL,NULL,47515
24739774,1547520,9,10,NULL,NULL,NULL,NULL,47515
24739775,1547520,10,11,NULL,NULL,NULL,NULL,47515
24739776,1547520,11,12,NULL,NULL,NULL,NULL,47515
24739777,1547520,12,13,NULL,NULL,NULL,NULL,47515
24739778,1547520,13,14,NULL,NULL,NULL,NULL,47515
24739779,1547520,14,15,NULL,NULL,NULL,NULL,47515
24739780,1547520,15,16,NULL,NULL,NULL,NULL,47515
24739781,1547520,16,17,NULL,NULL,NULL,NULL,47515
24739782,1547520,17,18,NULL,NULL,NULL,NULL,47515
24739783,1547520,18,19,NULL,NULL,NULL,NULL,47515
24739784,1547520,19,20,NULL,NULL,NULL,NULL,47515
24739785,1547520,20,21,NULL,NULL,NULL,NULL,47515
24739786,1547520,21,22,NULL,NULL,NULL,NULL,47515
24739787,1547520,22,23,NULL,NULL,NULL,NULL,47515
24739788,1547520,23,24,NULL,NULL,NULL,NULL,47515
24739789,1547520,24,25,NULL,NULL,NULL,NULL,47515
24739790,1547520,25,26,NULL,NULL,NULL,NULL,47515
24739791,1547520,26,27,NULL,NULL,NULL,NULL,47515
24739792,1547520,27,28,NULL,NULL,NULL,NULL,47515
24739793,1547520,28,29,NULL,NULL,NULL,NULL,47515
24739794,1547520,29,30,NULL,NULL,NULL,NULL,47515
24739795,1547520,30,31,NULL,NULL,NULL,NULL,47515
24739796,1547520,31,32,NULL,NULL,NULL,NULL,47515
24739797,1547520,32,33,NULL,NULL,NULL,NULL,47515
24739798,1547520,33,34,NULL,NULL,NULL,NULL,47515
24739799,1547520,34,35,NULL,NULL,NULL,NULL,47515
24739800,1547520,35,36,NULL,NULL,NULL,NULL,47515
24739801,1547520,36,37,NULL,NULL,NULL,NULL,47515
24739802,1547520,37,38,NULL,NULL,NULL,NULL,47515
24739803,1547520,38,39,NULL,NULL,NULL,NULL,47515
24739804,1547520,39,40,NULL,NULL,NULL,NULL,47515
24739805,1547520,40,41,NULL,NULL,NULL,NULL,47515
24739806,1547520,41,42,NULL,NULL,NULL,NULL,47515
24739807,1547520,42,43,NULL,NULL,NULL,NULL,47515
24739808,1547520,43,44,NULL,NULL,NULL,NULL,47515
24739809,1547520,44,45,NULL,NULL,NULL,NULL,47515
24739810,1547520,45,46,NULL,NULL,NULL,NULL,47515
24739811,1547520,46,47,NULL,NULL,NULL,NULL,47515
24739812,1547520,47,48,NULL,NULL,NULL,NULL,47515
24739813,1547520,48,49,NULL,NULL,NULL,NULL,47515
24739814,1547520,49,50,NULL,NULL,NULL,NULL,47515
24739815,1547520,50,51,NULL,NULL,NULL,NULL,47515
24739816,1547520,51,52,NULL,NULL,NULL,NULL,47515
24739817,1547520,52,53,NULL,NULL,NULL,NULL,47515
24739818,1547520,53,54,NULL,NULL,NULL,NULL,47515
24739819,1547520,54,55,NULL,NULL,NULL,NULL,47515
24739820,1547520,55,56,NULL,NULL,NULL,NULL,47515
24739821,1547520,56,57,NULL,NULL,NULL,NULL,47515
24739822,1547520,57,58,NULL,NULL,NULL,NULL,47515
24739823,1547520,58,59,NULL,NULL,NULL,NULL,47515
24739824,1547520,59,60,NULL,NULL,NULL,NULL,47515
24739825,1547520,60,61,NULL,NULL,NULL,NULL,47515
24739826,1547520,61,62,NULL,NULL,NULL,NULL,47515
24739827,1547520,62,63,NULL,NULL,NULL,NULL,47515
24739828,1547520,63,64,NULL,NULL,NULL,NULL,47515
24739829,1547520,64,65,NULL,NULL,NULL,NULL,47515
24739830,1547520,65,66,NULL,NULL,NULL,NULL,47515
24739831,1547520,66,67,NULL,NULL,NULL,NULL,47515
24739832,1547520,67,68,NULL,NULL,NULL,NULL,47515
24739833,1547520,68,69,NULL,NULL,NULL,NULL,47515
24739834,1547520,69,70,NULL,NULL,NULL,NULL,47515
24739835,1547520,70,71,NULL,NULL,NULL,NULL,47515
24739836,1547520,71,72,NULL,NULL,NULL,NULL,47515
24739837,1547520,72,73,NULL,NULL,NULL,NULL,47515
24739838,1547520,73,74,NULL,NULL,NULL,NULL,47515
24739839,1547520,74,75,NULL,NULL,NULL,NULL,47515
24739840,1547520,75,76,NULL,NULL,NULL,NULL,47515
24739841,1547520,76,77,NULL,NULL,NULL,NULL,47515
24739842,1547520,77,78,NULL,NULL,NULL,NULL,47515
24739843,1547520,78,79,NULL,NULL,NULL,NULL,47515
24739844,1547520,79,80,NULL,NULL,NULL,NULL,47515
24739845,1547520,80,81,NULL,NULL,NULL,NULL,47515
24739846,1547520,81,82,NULL,NULL,NULL,NULL,47515
24739847,1547520,82,83,NULL,NULL,NULL,NULL,47515
24739848,1547520,83,84,NULL,NULL,NULL,NULL,47515
24739849,1547520,84,85,NULL,NULL,NULL,NULL,47515
24739850,1547520,85,86,NULL,NULL,NULL,NULL,47515
24739851,1547520,86,87,NULL,NULL,NULL,NULL,47515
24739852,1547520,87,88,NULL,NULL,NULL,NULL,47515
24739853,1547520,88,89,NULL,NULL,NULL,NULL,47515
24739854,1547520,89,90,NULL,NULL,NULL,NULL,47515
24739855,1547520,90,91,NULL,NULL,NULL,NULL,47515
24739856,1547520,91,92,NULL,NULL,NULL,NULL,47515
24739857,1547520,92,93,NULL,NULL,NULL,NULL,47515
24739858,1547520,93,94,NULL,NULL,NULL,NULL,47515
24739859,1547520,94,95,NULL,NULL,NULL,NULL,47515
24739860,1547520,95,96,NULL,NULL,NULL,NULL,47515
24739861,1547520,96,97,NULL,NULL,NULL,NULL,47515
24739862,1547520,97,98,NULL,NULL,NULL,NULL,47515
24739863,1547520,98,99,NULL,NULL,NULL,NULL,47515
24739864,1547520,99,100,NULL,NULL,NULL,NULL,47515
24739865,1547520,100,101,NULL,NULL,NULL,NULL,47515
24739866,1547520,101,102,NULL,NULL,NULL,NULL,47515
24739867,1547520,102,103,NULL,NULL,NULL,NULL,47515
24740144,1547524,0,1,NULL,NULL,NULL,NULL,47515
24740145,1547524,1,2,NULL,NULL,NULL,NULL,47515
24740146,1547524,2,3,NULL,NULL,NULL,NULL,47515
24740147,1547524,3,4,NULL,NULL,NULL,NULL,47515
24740148,1547524,4,5,NULL,NULL,NULL,NULL,47515
24740149,1547524,5,6,NULL,NULL,NULL,NULL,47515
24740150,1547524,6,7,NULL,NULL,NULL,NULL,47515
24740151,1547524,7,8,NULL,NULL,NULL,NULL,47515
24740152,1547524,8,9,NULL,NULL,NULL,NULL,47515
24740153,1547524,9,10,NULL,NULL,NULL,NULL,47515
24740154,1547524,10,11,NULL,NULL,NULL,NULL,47515
24740155,1547524,11,12,NULL,NULL,NULL,NULL,47515
24740156,1547524,12,13,NULL,NULL,NULL,NULL,47515
24740157,1547524,13,14,NULL,NULL,NULL,NULL,47515
24740158,1547524,14,15,NULL,NULL,NULL,NULL,47515
24740159,1547524,15,16,NULL,NULL,NULL,NULL,47515
24740160,1547524,16,17,NULL,NULL,NULL,NULL,47515
24740161,1547524,17,18,NULL,NULL,NULL,NULL,47515
24740162,1547524,18,19,NULL,NULL,NULL,NULL,47515
24740163,1547524,19,20,NULL,NULL,NULL,NULL,47515
24740164,1547524,20,21,NULL,NULL,NULL,NULL,47515
24740165,1547524,21,22,NULL,NULL,NULL,NULL,47515
24740166,1547524,22,23,NULL,NULL,NULL,NULL,47515
24740167,1547524,23,24,NULL,NULL,NULL,NULL,47515
24740168,1547524,24,25,NULL,NULL,NULL,NULL,47515
24740169,1547524,25,26,NULL,NULL,NULL,NULL,47515
24740170,1547524,26,27,NULL,NULL,NULL,NULL,47515
24740171,1547524,27,28,NULL,NULL,NULL,NULL,47515
24740172,1547524,28,29,NULL,NULL,NULL,NULL,47515
24740173,1547524,29,30,NULL,NULL,NULL,NULL,47515
24740174,1547524,30,31,NULL,NULL,NULL,NULL,47515
24740175,1547524,31,32,NULL,NULL,NULL,NULL,47515
24740176,1547524,32,33,NULL,NULL,NULL,NULL,47515
24740177,1547524,33,34,NULL,NULL,NULL,NULL,47515
24740178,1547524,34,35,NULL,NULL,NULL,NULL,47515
24740179,1547524,35,36,NULL,NULL,NULL,NULL,47515
24740180,1547524,36,37,NULL,NULL,NULL,NULL,47515
24740181,1547524,37,38,NULL,NULL,NULL,NULL,47515
24740182,1547524,38,39,NULL,NULL,NULL,NULL,47515
24740183,1547524,39,40,NULL,NULL,NULL,NULL,47515
24740184,1547524,40,41,NULL,NULL,NULL,NULL,47515
24740185,1547524,41,42,NULL,NULL,NULL,NULL,47515
24740186,1547524,42,43,NULL,NULL,NULL,NULL,47515
24740187,1547524,43,44,NULL,NULL,NULL,NULL,47515
24740188,1547524,44,45,NULL,NULL,NULL,NULL,47515
24740189,1547524,45,46,NULL,NULL,NULL,NULL,47515
24740190,1547524,46,47,NULL,NULL,NULL,NULL,47515
24740191,1547524,47,48,NULL,NULL,NULL,NULL,47515
24740192,1547524,48,49,NULL,NULL,NULL,NULL,47515
24740193,1547524,49,50,NULL,NULL,NULL,NULL,47515
24740194,1547524,50,51,NULL,NULL,NULL,NULL,47515
24740195,1547524,51,52,NULL,NULL,NULL,NULL,47515
24740196,1547524,52,53,NULL,NULL,NULL,NULL,47515
24740197,1547524,53,54,NULL,NULL,NULL,NULL,47515
24740198,1547524,54,55,NULL,NULL,NULL,NULL,47515
24740199,1547524,55,56,NULL,NULL,NULL,NULL,47515
24740200,1547524,56,57,NULL,NULL,NULL,NULL,47515
24740201,1547524,57,58,NULL,NULL,NULL,NULL,47515
24740202,1547524,58,59,NULL,NULL,NULL,NULL,47515
24740203,1547524,59,60,NULL,NULL,NULL,NULL,47515
24740204,1547524,60,61,NULL,NULL,NULL,NULL,47515
24740205,1547524,61,62,NULL,NULL,NULL,NULL,47515
24740206,1547524,62,63,NULL,NULL,NULL,NULL,47515
24740207,1547524,63,64,NULL,NULL,NULL,NULL,47515
24740208,1547524,64,65,NULL,NULL,NULL,NULL,47515
24740209,1547524,65,66,NULL,NULL,NULL,NULL,47515
24740210,1547524,66,67,NULL,NULL,NULL,NULL,47515
24740211,1547524,67,68,NULL,NULL,NULL,NULL,47515
24740212,1547524,68,69,NULL,NULL,NULL,NULL,47515
24740213,1547524,69,70,NULL,NULL,NULL,NULL,47515
24740214,1547524,70,71,NULL,NULL,NULL,NULL,47515
24740215,1547524,71,72,NULL,NULL,NULL,NULL,47515
24740216,1547524,72,73,NULL,NULL,NULL,NULL,47515
24740217,1547524,73,74,NULL,NULL,NULL,NULL,47515
24740218,1547524,74,75,NULL,NULL,NULL,NULL,47515
24740219,1547524,75,76,NULL,NULL,NULL,NULL,47515
24740220,1547524,76,77,NULL,NULL,NULL,NULL,47515
24740221,1547524,77,78,NULL,NULL,NULL,NULL,47515
24740222,1547524,78,79,NULL,NULL,NULL,NULL,47515
24740223,1547524,79,80,NULL,NULL,NULL,NULL,47515
24740224,1547524,80,81,NULL,NULL,NULL,NULL,47515
24740225,1547524,81,82,NULL,NULL,NULL,NULL,47515
24740226,1547524,82,83,NULL,NULL,NULL,NULL,47515
24740227,1547524,83,84,NULL,NULL,NULL,NULL,47515
24740228,1547524,84,85,NULL,NULL,NULL,NULL,47515
24740229,1547524,85,86,NULL,NULL,NULL,NULL,47515
24740230,1547524,86,87,NULL,NULL,NULL,NULL,47515
24740231,1547524,87,88,NULL,NULL,NULL,NULL,47515
24740232,1547524,88,89,NULL,NULL,NULL,NULL,47515
24740233,1547524,89,90,NULL,NULL,NULL,NULL,47515
24740234,1547524,90,91,NULL,NULL,NULL,NULL,47515
24740235,1547524,91,92,NULL,NULL,NULL,NULL,47515
24740236,1547524,92,93,NULL,NULL,NULL,NULL,47515
24740237,1547524,93,94,NULL,NULL,NULL,NULL,47515
24740238,1547524,94,95,NULL,NULL,NULL,NULL,47515
24740239,1547524,95,96,NULL,NULL,NULL,NULL,47515
24740240,1547524,96,97,NULL,NULL,NULL,NULL,47515
24740241,1547524,97,98,NULL,NULL,NULL,NULL,47515
24740242,1547524,98,99,NULL,NULL,NULL,NULL,47515
24740243,1547524,99,100,NULL,NULL,NULL,NULL,47515
24740244,1547524,100,101,NULL,NULL,NULL,NULL,47515
24740245,1547524,101,102,NULL,NULL,NULL,NULL,47515
24740246,1547524,102,103,NULL,NULL,NULL,NULL,47515
24740247,1547524,103,104,NULL,NULL,NULL,NULL,47515
24740248,1547524,104,105,NULL,NULL,NULL,NULL,47515
24740249,1547524,105,106,NULL,NULL,NULL,NULL,47515
24740250,1547524,106,107,NULL,NULL,NULL,NULL,47515
24740251,1547524,107,108,NULL,NULL,NULL,NULL,47515
24740252,1547524,108,109,NULL,NULL,NULL,NULL,47515
24740397,1547530,0,5,NULL,NULL,NULL,NULL,47515
24740398,1547530,5,18,NULL,NULL,NULL,NULL,47515
24740399,1547530,18,25,NULL,NULL,NULL,NULL,47515
24740400,1547530,25,29,NULL,NULL,NULL,NULL,47515
24740401,1547530,29,33,NULL,NULL,NULL,NULL,47515
24740402,1547530,33,34,NULL,NULL,NULL,NULL,47515
24740403,1547530,34,36,NULL,NULL,NULL,NULL,47515
24740404,1547530,36,52,NULL,NULL,NULL,NULL,47515
24740405,1547530,52,58,NULL,NULL,NULL,NULL,47515
24740406,1547530,58,68,NULL,NULL,NULL,NULL,47515
24740407,1547530,68,70,NULL,NULL,NULL,NULL,47515
24740408,1547530,70,73,NULL,NULL,NULL,NULL,47515
24740409,1547530,73,77,NULL,NULL,NULL,NULL,47515
24740410,1547530,77,79,NULL,NULL,NULL,NULL,47515
24740411,1547530,79,83,NULL,NULL,NULL,NULL,47515
24740412,1547530,83,86,NULL,NULL,NULL,NULL,47515
24740413,1547530,86,94,NULL,NULL,NULL,NULL,47515
24740414,1547530,94,97,NULL,NULL,NULL,NULL,47515
24740415,1547530,97,99,NULL,NULL,NULL,NULL,47515
24740416,1547530,99,103,NULL,NULL,NULL,NULL,47515
24740417,1547530,103,107,NULL,NULL,NULL,NULL,47515
24740418,1547530,107,109,NULL,NULL,NULL,NULL,47515
24740544,1547539,0,5,NULL,NULL,NULL,NULL,47515
24740545,1547539,5,9,NULL,NULL,NULL,NULL,47515
24740546,1547539,9,16,NULL,NULL,NULL,NULL,47515
24740547,1547539,16,22,NULL,NULL,NULL,NULL,47515
24740548,1547539,22,26,NULL,NULL,NULL,NULL,47515
24740549,1547539,26,29,NULL,NULL,NULL,NULL,47515
24740550,1547539,29,34,NULL,NULL,NULL,NULL,47515
24740551,1547539,34,35,NULL,NULL,NULL,NULL,47515
24740552,1547539,35,36,NULL,NULL,NULL,NULL,47515
24740553,1547539,36,38,NULL,NULL,NULL,NULL,47515
24740554,1547539,38,42,NULL,NULL,NULL,NULL,47515
24740555,1547539,42,43,NULL,NULL,NULL,NULL,47515
24740556,1547539,43,51,NULL,NULL,NULL,NULL,47515
24740557,1547539,51,56,NULL,NULL,NULL,NULL,47515
24740558,1547539,56,67,NULL,NULL,NULL,NULL,47515
24740559,1547539,67,70,NULL,NULL,NULL,NULL,47515
24740560,1547539,70,71,NULL,NULL,NULL,NULL,47515
24740561,1547539,71,74,NULL,NULL,NULL,NULL,47515
24740562,1547539,74,79,NULL,NULL,NULL,NULL,47515
24740563,1547539,79,80,NULL,NULL,NULL,NULL,47515
24740564,1547539,80,81,NULL,NULL,NULL,NULL,47515
24740565,1547539,81,84,NULL,NULL,NULL,NULL,47515
24740566,1547539,84,86,NULL,NULL,NULL,NULL,47515
24740567,1547539,86,87,NULL,NULL,NULL,NULL,47515
24740568,1547539,87,94,NULL,NULL,NULL,NULL,47515
24740569,1547539,94,95,NULL,NULL,NULL,NULL,47515
24740570,1547539,95,103,NULL,NULL,NULL,NULL,47515
24740571,1547539,100,100,NULL,NULL,NULL,NULL,47515
24740757,1547546,0,11,NULL,NULL,NULL,NULL,47515
24740758,1547546,11,14,NULL,NULL,NULL,NULL,47515
24740759,1547546,14,24,NULL,NULL,NULL,NULL,47515
24740760,1547546,24,32,NULL,NULL,NULL,NULL,47515
24740761,1547546,32,38,NULL,NULL,NULL,NULL,47515
24740762,1547546,36,37,NULL,NULL,NULL,NULL,47515
24740763,1547546,38,49,NULL,NULL,NULL,NULL,47515
24740764,1547546,49,60,NULL,NULL,NULL,NULL,47515
24740765,1547546,60,78,NULL,NULL,NULL,NULL,47515
24740766,1547546,78,109,NULL,NULL,NULL,NULL,47515
24740767,1547546,109,110,NULL,NULL,NULL,NULL,47515
24740768,1547546,110,121,NULL,NULL,NULL,NULL,47515
24740769,1547547,0,1,NULL,NULL,NULL,NULL,47515
24740770,1547547,0,1,NULL,NULL,NULL,NULL,47515
24740771,1547547,1,2,NULL,NULL,NULL,NULL,47515
24740772,1547547,1,2,NULL,NULL,NULL,NULL,47515
24740773,1547547,2,3,NULL,NULL,NULL,NULL,47515
24740774,1547547,2,3,NULL,NULL,NULL,NULL,47515
24740775,1547547,3,4,NULL,NULL,NULL,NULL,47515
24740776,1547547,3,4,NULL,NULL,NULL,NULL,47515
24740777,1547547,4,5,NULL,NULL,NULL,NULL,47515
24740778,1547547,4,5,NULL,NULL,NULL,NULL,47515
24740779,1547547,5,6,NULL,NULL,NULL,NULL,47515
24740780,1547547,5,6,NULL,NULL,NULL,NULL,47515
24740781,1547547,6,7,NULL,NULL,NULL,NULL,47515
24740782,1547547,6,7,NULL,NULL,NULL,NULL,47515
24740783,1547547,7,8,NULL,NULL,NULL,NULL,47515
24740784,1547547,7,8,NULL,NULL,NULL,NULL,47515
24740785,1547547,8,9,NULL,NULL,NULL,NULL,47515
24740786,1547547,8,9,NULL,NULL,NULL,NULL,47515
24740787,1547547,9,10,NULL,NULL,NULL,NULL,47515
24740788,1547547,9,10,NULL,NULL,NULL,NULL,47515
24740789,1547547,10,11,NULL,NULL,NULL,NULL,47515
24740790,1547547,10,11,NULL,NULL,NULL,NULL,47515
24740791,1547547,11,12,NULL,NULL,NULL,NULL,47515
24740792,1547547,11,12,NULL,NULL,NULL,NULL,47515
24740793,1547547,12,13,NULL,NULL,NULL,NULL,47515
24740794,1547547,12,13,NULL,NULL,NULL,NULL,47515
24740795,1547547,13,14,NULL,NULL,NULL,NULL,47515
24740796,1547547,13,14,NULL,NULL,NULL,NULL,47515
24740797,1547547,14,15,NULL,NULL,NULL,NULL,47515
24740798,1547547,14,15,NULL,NULL,NULL,NULL,47515
24740799,1547547,15,16,NULL,NULL,NULL,NULL,47515
24740800,1547547,15,16,NULL,NULL,NULL,NULL,47515
24740801,1547547,16,17,NULL,NULL,NULL,NULL,47515
24740802,1547547,16,17,NULL,NULL,NULL,NULL,47515
24740803,1547547,17,18,NULL,NULL,NULL,NULL,47515
24740804,1547547,17,18,NULL,NULL,NULL,NULL,47515
24740805,1547547,18,19,NULL,NULL,NULL,NULL,47515
24740806,1547547,18,19,NULL,NULL,NULL,NULL,47515
24740807,1547547,19,20,NULL,NULL,NULL,NULL,47515
24740808,1547547,19,20,NULL,NULL,NULL,NULL,47515
24740809,1547547,20,21,NULL,NULL,NULL,NULL,47515
24740810,1547547,20,21,NULL,NULL,NULL,NULL,47515
24740811,1547547,21,22,NULL,NULL,NULL,NULL,47515
24740812,1547547,21,22,NULL,NULL,NULL,NULL,47515
24740813,1547547,22,23,NULL,NULL,NULL,NULL,47515
24740814,1547547,22,23,NULL,NULL,NULL,NULL,47515
24740815,1547547,23,24,NULL,NULL,NULL,NULL,47515
24740816,1547547,23,24,NULL,NULL,NULL,NULL,47515
24740817,1547547,24,25,NULL,NULL,NULL,NULL,47515
24740818,1547547,24,25,NULL,NULL,NULL,NULL,47515
24740819,1547547,25,26,NULL,NULL,NULL,NULL,47515
24740820,1547547,25,26,NULL,NULL,NULL,NULL,47515
24740821,1547547,26,27,NULL,NULL,NULL,NULL,47515
24740822,1547547,27,28,NULL,NULL,NULL,NULL,47515
24740823,1547547,28,29,NULL,NULL,NULL,NULL,47515
24740824,1547547,29,30,NULL,NULL,NULL,NULL,47515
24740825,1547547,30,31,NULL,NULL,NULL,NULL,47515
24740826,1547547,31,32,NULL,NULL,NULL,NULL,47515
24740827,1547547,32,33,NULL,NULL,NULL,NULL,47515
24740828,1547547,33,34,NULL,NULL,NULL,NULL,47515
24740829,1547547,34,35,NULL,NULL,NULL,NULL,47515
24740830,1547547,35,36,NULL,NULL,NULL,NULL,47515
24740831,1547547,36,37,NULL,NULL,NULL,NULL,47515
24740832,1547547,37,38,NULL,NULL,NULL,NULL,47515
24740833,1547547,38,39,NULL,NULL,NULL,NULL,47515
24740834,1547547,39,40,NULL,NULL,NULL,NULL,47515
24740835,1547547,40,41,NULL,NULL,NULL,NULL,47515
24740836,1547547,41,42,NULL,NULL,NULL,NULL,47515
24740837,1547547,42,43,NULL,NULL,NULL,NULL,47515
24740838,1547547,43,44,NULL,NULL,NULL,NULL,47515
24740839,1547547,44,45,NULL,NULL,NULL,NULL,47515
24740840,1547547,45,46,NULL,NULL,NULL,NULL,47515
24740841,1547547,46,47,NULL,NULL,NULL,NULL,47515
24740842,1547547,47,48,NULL,NULL,NULL,NULL,47515
24740843,1547547,48,49,NULL,NULL,NULL,NULL,47515
24740844,1547547,49,50,NULL,NULL,NULL,NULL,47515
24740845,1547547,50,51,NULL,NULL,NULL,NULL,47515
24740846,1547547,51,52,NULL,NULL,NULL,NULL,47515
24740847,1547547,52,53,NULL,NULL,NULL,NULL,47515
24740848,1547547,53,54,NULL,NULL,NULL,NULL,47515
24740849,1547547,54,55,NULL,NULL,NULL,NULL,47515
24740850,1547547,55,56,NULL,NULL,NULL,NULL,47515
24740851,1547547,56,57,NULL,NULL,NULL,NULL,47515
24740852,1547547,57,58,NULL,NULL,NULL,NULL,47515
24740853,1547547,58,59,NULL,NULL,NULL,NULL,47515
24740854,1547547,59,60,NULL,NULL,NULL,NULL,47515
24740855,1547547,60,61,NULL,NULL,NULL,NULL,47515
24740856,1547547,61,62,NULL,NULL,NULL,NULL,47515
24740857,1547547,62,63,NULL,NULL,NULL,NULL,47515
24740858,1547547,63,64,NULL,NULL,NULL,NULL,47515
24740859,1547547,64,65,NULL,NULL,NULL,NULL,47515
24740860,1547547,65,66,NULL,NULL,NULL,NULL,47515
24740861,1547547,66,67,NULL,NULL,NULL,NULL,47515
24740862,1547547,67,68,NULL,NULL,NULL,NULL,47515
24740863,1547547,68,69,NULL,NULL,NULL,NULL,47515
24740864,1547547,69,70,NULL,NULL,NULL,NULL,47515
24740865,1547547,70,71,NULL,NULL,NULL,NULL,47515
24740866,1547547,71,72,NULL,NULL,NULL,NULL,47515
24740867,1547547,72,73,NULL,NULL,NULL,NULL,47515
24740868,1547547,73,74,NULL,NULL,NULL,NULL,47515
24740869,1547547,74,75,NULL,NULL,NULL,NULL,47515
24740870,1547547,75,76,NULL,NULL,NULL,NULL,47515
24740871,1547547,76,77,NULL,NULL,NULL,NULL,47515
24740872,1547547,77,78,NULL,NULL,NULL,NULL,47515
24740873,1547547,78,79,NULL,NULL,NULL,NULL,47515
24740874,1547547,79,80,NULL,NULL,NULL,NULL,47515
24740875,1547547,80,81,NULL,NULL,NULL,NULL,47515
24740876,1547547,81,82,NULL,NULL,NULL,NULL,47515
24740877,1547547,82,83,NULL,NULL,NULL,NULL,47515
24740878,1547547,83,84,NULL,NULL,NULL,NULL,47515
24740879,1547547,84,85,NULL,NULL,NULL,NULL,47515
24740880,1547547,85,86,NULL,NULL,NULL,NULL,47515
24740881,1547547,86,87,NULL,NULL,NULL,NULL,47515
24740882,1547547,87,88,NULL,NULL,NULL,NULL,47515
24740883,1547547,88,89,NULL,NULL,NULL,NULL,47515
24740884,1547547,89,90,NULL,NULL,NULL,NULL,47515
24740885,1547547,90,91,NULL,NULL,NULL,NULL,47515
24740886,1547547,91,92,NULL,NULL,NULL,NULL,47515
24740887,1547547,92,93,NULL,NULL,NULL,NULL,47515
24740888,1547547,93,94,NULL,NULL,NULL,NULL,47515
24740889,1547547,94,95,NULL,NULL,NULL,NULL,47515
24740890,1547547,95,96,NULL,NULL,NULL,NULL,47515
24740891,1547547,96,97,NULL,NULL,NULL,NULL,47515
24740892,1547547,97,98,NULL,NULL,NULL,NULL,47515
24740893,1547547,98,99,NULL,NULL,NULL,NULL,47515
24740894,1547547,99,100,NULL,NULL,NULL,NULL,47515
24740895,1547547,100,101,NULL,NULL,NULL,NULL,47515
24740896,1547547,101,102,NULL,NULL,NULL,NULL,47515
24740897,1547547,102,103,NULL,NULL,NULL,NULL,47515
24740898,1547547,103,104,NULL,NULL,NULL,NULL,47515
24740899,1547547,104,105,NULL,NULL,NULL,NULL,47515
24740900,1547547,105,106,NULL,NULL,NULL,NULL,47515
24740901,1547547,106,107,NULL,NULL,NULL,NULL,47515
24740902,1547547,107,108,NULL,NULL,NULL,NULL,47515
24740903,1547547,108,109,NULL,NULL,NULL,NULL,47515
24740904,1547547,109,110,NULL,NULL,NULL,NULL,47515
24740905,1547547,110,111,NULL,NULL,NULL,NULL,47515
24740906,1547547,111,112,NULL,NULL,NULL,NULL,47515
24740907,1547547,112,113,NULL,NULL,NULL,NULL,47515
24740908,1547547,113,114,NULL,NULL,NULL,NULL,47515
24740909,1547547,114,115,NULL,NULL,NULL,NULL,47515
24740910,1547547,115,116,NULL,NULL,NULL,NULL,47515
24740911,1547547,116,117,NULL,NULL,NULL,NULL,47515
24740912,1547547,117,118,NULL,NULL,NULL,NULL,47515
24740913,1547547,118,119,NULL,NULL,NULL,NULL,47515
24740914,1547547,119,120,NULL,NULL,NULL,NULL,47515
24740915,1547547,120,121,NULL,NULL,NULL,NULL,47515
24740916,1547547,121,122,NULL,NULL,NULL,NULL,47515
24740917,1547547,122,123,NULL,NULL,NULL,NULL,47515
24740918,1547547,123,124,NULL,NULL,NULL,NULL,47515
24740919,1547547,124,125,NULL,NULL,NULL,NULL,47515
24740920,1547547,125,126,NULL,NULL,NULL,NULL,47515
24740921,1547547,126,127,NULL,NULL,NULL,NULL,47515
24740922,1547547,127,128,NULL,NULL,NULL,NULL,47515
24740923,1547547,128,129,NULL,NULL,NULL,NULL,47515
24740924,1547547,129,130,NULL,NULL,NULL,NULL,47515
24740925,1547547,130,131,NULL,NULL,NULL,NULL,47515
24740926,1547547,131,132,NULL,NULL,NULL,NULL,47515
24740927,1547547,132,133,NULL,NULL,NULL,NULL,47515
24740928,1547547,133,134,NULL,NULL,NULL,NULL,47515
24740929,1547547,134,135,NULL,NULL,NULL,NULL,47515
24740930,1547547,135,136,NULL,NULL,NULL,NULL,47515
24740931,1547547,136,137,NULL,NULL,NULL,NULL,47515
24740932,1547547,137,138,NULL,NULL,NULL,NULL,47515
24740933,1547547,138,139,NULL,NULL,NULL,NULL,47515
24740934,1547547,139,140,NULL,NULL,NULL,NULL,47515
24740935,1547547,140,141,NULL,NULL,NULL,NULL,47515
24740936,1547547,141,142,NULL,NULL,NULL,NULL,47515
24740937,1547547,142,143,NULL,NULL,NULL,NULL,47515
24740938,1547547,143,144,NULL,NULL,NULL,NULL,47515
24740939,1547547,144,145,NULL,NULL,NULL,NULL,47515
24741306,1547553,0,1,NULL,NULL,NULL,NULL,47515
24741307,1547553,1,2,NULL,NULL,NULL,NULL,47515
24741308,1547553,2,3,NULL,NULL,NULL,NULL,47515
24741309,1547553,3,4,NULL,NULL,NULL,NULL,47515
24741310,1547553,4,5,NULL,NULL,NULL,NULL,47515
24741311,1547553,5,6,NULL,NULL,NULL,NULL,47515
24741312,1547553,6,7,NULL,NULL,NULL,NULL,47515
24741313,1547553,7,8,NULL,NULL,NULL,NULL,47515
24741314,1547553,8,9,NULL,NULL,NULL,NULL,47515
24741315,1547553,9,10,NULL,NULL,NULL,NULL,47515
24741316,1547553,10,11,NULL,NULL,NULL,NULL,47515
24741317,1547553,11,12,NULL,NULL,NULL,NULL,47515
24741318,1547553,12,13,NULL,NULL,NULL,NULL,47515
24741319,1547553,13,14,NULL,NULL,NULL,NULL,47515
24741320,1547553,14,15,NULL,NULL,NULL,NULL,47515
24741321,1547553,15,16,NULL,NULL,NULL,NULL,47515
24741322,1547553,16,17,NULL,NULL,NULL,NULL,47515
24741323,1547553,17,18,NULL,NULL,NULL,NULL,47515
24741324,1547553,18,19,NULL,NULL,NULL,NULL,47515
24741325,1547553,19,20,NULL,NULL,NULL,NULL,47515
24741326,1547553,20,21,NULL,NULL,NULL,NULL,47515
24741327,1547553,21,22,NULL,NULL,NULL,NULL,47515
24741328,1547553,22,23,NULL,NULL,NULL,NULL,47515
24741329,1547553,23,24,NULL,NULL,NULL,NULL,47515
24741330,1547553,24,25,NULL,NULL,NULL,NULL,47515
24741331,1547553,25,26,NULL,NULL,NULL,NULL,47515
24741332,1547553,26,27,NULL,NULL,NULL,NULL,47515
24741333,1547553,27,28,NULL,NULL,NULL,NULL,47515
24741334,1547553,28,29,NULL,NULL,NULL,NULL,47515
24741335,1547553,29,30,NULL,NULL,NULL,NULL,47515
24741336,1547553,30,31,NULL,NULL,NULL,NULL,47515
24741337,1547553,31,32,NULL,NULL,NULL,NULL,47515
24741338,1547553,32,33,NULL,NULL,NULL,NULL,47515
24741339,1547553,33,34,NULL,NULL,NULL,NULL,47515
24741340,1547553,34,35,NULL,NULL,NULL,NULL,47515
24741341,1547553,35,36,NULL,NULL,NULL,NULL,47515
24741342,1547553,36,37,NULL,NULL,NULL,NULL,47515
24741343,1547553,37,38,NULL,NULL,NULL,NULL,47515
24741344,1547553,38,39,NULL,NULL,NULL,NULL,47515
24741345,1547553,39,40,NULL,NULL,NULL,NULL,47515
24741346,1547553,40,41,NULL,NULL,NULL,NULL,47515
24741347,1547553,41,42,NULL,NULL,NULL,NULL,47515
24741348,1547553,42,43,NULL,NULL,NULL,NULL,47515
24741349,1547553,43,44,NULL,NULL,NULL,NULL,47515
24741350,1547553,44,45,NULL,NULL,NULL,NULL,47515
24741351,1547553,45,46,NULL,NULL,NULL,NULL,47515
24741352,1547553,46,47,NULL,NULL,NULL,NULL,47515
24741353,1547553,47,48,NULL,NULL,NULL,NULL,47515
24741354,1547553,48,49,NULL,NULL,NULL,NULL,47515
24741355,1547553,49,50,NULL,NULL,NULL,NULL,47515
24741356,1547553,50,51,NULL,NULL,NULL,NULL,47515
24741357,1547553,51,52,NULL,NULL,NULL,NULL,47515
24741358,1547553,52,53,NULL,NULL,NULL,NULL,47515
24741359,1547553,53,54,NULL,NULL,NULL,NULL,47515
24741360,1547553,54,55,NULL,NULL,NULL,NULL,47515
24741361,1547553,55,56,NULL,NULL,NULL,NULL,47515
24741362,1547553,56,57,NULL,NULL,NULL,NULL,47515
24741363,1547553,57,58,NULL,NULL,NULL,NULL,47515
24741364,1547553,58,59,NULL,NULL,NULL,NULL,47515
24741365,1547553,59,60,NULL,NULL,NULL,NULL,47515
24741366,1547553,60,61,NULL,NULL,NULL,NULL,47515
24741367,1547553,61,62,NULL,NULL,NULL,NULL,47515
24741368,1547553,62,63,NULL,NULL,NULL,NULL,47515
24741369,1547553,63,64,NULL,NULL,NULL,NULL,47515
24741370,1547553,64,65,NULL,NULL,NULL,NULL,47515
24741371,1547553,65,66,NULL,NULL,NULL,NULL,47515
24741372,1547553,66,67,NULL,NULL,NULL,NULL,47515
24741373,1547553,67,68,NULL,NULL,NULL,NULL,47515
24741374,1547553,68,69,NULL,NULL,NULL,NULL,47515
24741375,1547553,69,70,NULL,NULL,NULL,NULL,47515
24741376,1547553,70,71,NULL,NULL,NULL,NULL,47515
24741377,1547553,71,72,NULL,NULL,NULL,NULL,47515
24741378,1547553,72,73,NULL,NULL,NULL,NULL,47515
24741379,1547553,73,74,NULL,NULL,NULL,NULL,47515
24741380,1547553,74,75,NULL,NULL,NULL,NULL,47515
24741381,1547553,75,76,NULL,NULL,NULL,NULL,47515
24741382,1547553,76,77,NULL,NULL,NULL,NULL,47515
24741383,1547553,77,78,NULL,NULL,NULL,NULL,47515
24741384,1547553,78,79,NULL,NULL,NULL,NULL,47515
24741385,1547553,79,80,NULL,NULL,NULL,NULL,47515
24741386,1547553,80,81,NULL,NULL,NULL,NULL,47515
24741387,1547553,81,82,NULL,NULL,NULL,NULL,47515
24741388,1547553,82,83,NULL,NULL,NULL,NULL,47515
24741389,1547553,83,84,NULL,NULL,NULL,NULL,47515
24741390,1547553,84,85,NULL,NULL,NULL,NULL,47515
24741391,1547553,85,86,NULL,NULL,NULL,NULL,47515
24741392,1547553,86,87,NULL,NULL,NULL,NULL,47515
24741393,1547553,87,88,NULL,NULL,NULL,NULL,47515
24741394,1547553,88,89,NULL,NULL,NULL,NULL,47515
24741395,1547553,89,90,NULL,NULL,NULL,NULL,47515
24741396,1547553,90,91,NULL,NULL,NULL,NULL,47515
24741397,1547553,91,92,NULL,NULL,NULL,NULL,47515
24741398,1547553,92,93,NULL,NULL,NULL,NULL,47515
24741399,1547553,93,94,NULL,NULL,NULL,NULL,47515
24741400,1547553,94,95,NULL,NULL,NULL,NULL,47515
24741401,1547553,95,96,NULL,NULL,NULL,NULL,47515
24741402,1547553,96,97,NULL,NULL,NULL,NULL,47515
24741403,1547553,97,98,NULL,NULL,NULL,NULL,47515
24741404,1547553,98,99,NULL,NULL,NULL,NULL,47515
24741405,1547553,99,100,NULL,NULL,NULL,NULL,47515
24741406,1547553,100,101,NULL,NULL,NULL,NULL,47515
24741407,1547553,101,102,NULL,NULL,NULL,NULL,47515
24741408,1547553,102,103,NULL,NULL,NULL,NULL,47515
24741409,1547553,103,104,NULL,NULL,NULL,NULL,47515
24741410,1547553,104,105,NULL,NULL,NULL,NULL,47515
24741411,1547553,105,106,NULL,NULL,NULL,NULL,47515
24741412,1547553,106,107,NULL,NULL,NULL,NULL,47515
24741413,1547553,107,108,NULL,NULL,NULL,NULL,47515
24741414,1547553,108,109,NULL,NULL,NULL,NULL,47515
24742053,1547563,0,1,NULL,NULL,NULL,NULL,47515
24742054,1547563,1,2,NULL,NULL,NULL,NULL,47515
24742055,1547563,2,3,NULL,NULL,NULL,NULL,47515
24742056,1547563,3,4,NULL,NULL,NULL,NULL,47515
24742057,1547563,4,5,NULL,NULL,NULL,NULL,47515
24742058,1547563,5,6,NULL,NULL,NULL,NULL,47515
24742059,1547563,6,7,NULL,NULL,NULL,NULL,47515
24742060,1547563,7,8,NULL,NULL,NULL,NULL,47515
24742061,1547563,8,9,NULL,NULL,NULL,NULL,47515
24742062,1547563,9,10,NULL,NULL,NULL,NULL,47515
24742063,1547563,10,11,NULL,NULL,NULL,NULL,47515
24742064,1547563,11,12,NULL,NULL,NULL,NULL,47515
24742065,1547563,12,13,NULL,NULL,NULL,NULL,47515
24742066,1547563,13,14,NULL,NULL,NULL,NULL,47515
24742067,1547563,14,15,NULL,NULL,NULL,NULL,47515
24742068,1547563,15,16,NULL,NULL,NULL,NULL,47515
24742069,1547563,16,17,NULL,NULL,NULL,NULL,47515
24742070,1547563,17,18,NULL,NULL,NULL,NULL,47515
24742071,1547563,18,19,NULL,NULL,NULL,NULL,47515
24742072,1547563,19,20,NULL,NULL,NULL,NULL,47515
24742073,1547563,20,21,NULL,NULL,NULL,NULL,47515
24742074,1547563,21,22,NULL,NULL,NULL,NULL,47515
24742075,1547563,22,23,NULL,NULL,NULL,NULL,47515
24742076,1547563,23,24,NULL,NULL,NULL,NULL,47515
24742077,1547563,24,25,NULL,NULL,NULL,NULL,47515
24742078,1547563,25,26,NULL,NULL,NULL,NULL,47515
24742079,1547563,26,27,NULL,NULL,NULL,NULL,47515
24742080,1547563,27,28,NULL,NULL,NULL,NULL,47515
24742081,1547563,28,29,NULL,NULL,NULL,NULL,47515
24742082,1547563,29,30,NULL,NULL,NULL,NULL,47515
24742083,1547563,30,31,NULL,NULL,NULL,NULL,47515
24742084,1547563,31,32,NULL,NULL,NULL,NULL,47515
24742085,1547563,32,33,NULL,NULL,NULL,NULL,47515
24742086,1547563,33,34,NULL,NULL,NULL,NULL,47515
24742087,1547563,34,35,NULL,NULL,NULL,NULL,47515
24742088,1547563,35,36,NULL,NULL,NULL,NULL,47515
24742089,1547563,36,37,NULL,NULL,NULL,NULL,47515
24742090,1547563,37,38,NULL,NULL,NULL,NULL,47515
24742091,1547563,38,39,NULL,NULL,NULL,NULL,47515
24742092,1547563,39,40,NULL,NULL,NULL,NULL,47515
24742093,1547563,40,41,NULL,NULL,NULL,NULL,47515
24742094,1547563,41,42,NULL,NULL,NULL,NULL,47515
24742095,1547563,42,43,NULL,NULL,NULL,NULL,47515
24742096,1547563,43,44,NULL,NULL,NULL,NULL,47515
24742097,1547563,44,45,NULL,NULL,NULL,NULL,47515
24742098,1547563,45,46,NULL,NULL,NULL,NULL,47515
24742099,1547563,46,47,NULL,NULL,NULL,NULL,47515
24742100,1547563,47,48,NULL,NULL,NULL,NULL,47515
24742101,1547563,48,49,NULL,NULL,NULL,NULL,47515
24742102,1547563,49,50,NULL,NULL,NULL,NULL,47515
24742103,1547563,50,51,NULL,NULL,NULL,NULL,47515
24742104,1547563,51,52,NULL,NULL,NULL,NULL,47515
24742105,1547563,52,53,NULL,NULL,NULL,NULL,47515
24742106,1547563,53,54,NULL,NULL,NULL,NULL,47515
24742107,1547563,54,55,NULL,NULL,NULL,NULL,47515
24742108,1547563,55,56,NULL,NULL,NULL,NULL,47515
24742109,1547563,56,57,NULL,NULL,NULL,NULL,47515
24742110,1547563,57,58,NULL,NULL,NULL,NULL,47515
24742111,1547563,58,59,NULL,NULL,NULL,NULL,47515
24742112,1547563,59,60,NULL,NULL,NULL,NULL,47515
24742113,1547563,60,61,NULL,NULL,NULL,NULL,47515
24742114,1547563,61,62,NULL,NULL,NULL,NULL,47515
24742115,1547563,62,63,NULL,NULL,NULL,NULL,47515
24742116,1547563,63,64,NULL,NULL,NULL,NULL,47515
24742117,1547563,64,65,NULL,NULL,NULL,NULL,47515
24742118,1547563,65,66,NULL,NULL,NULL,NULL,47515
24742119,1547563,66,67,NULL,NULL,NULL,NULL,47515
24742120,1547563,67,68,NULL,NULL,NULL,NULL,47515
24742121,1547563,68,69,NULL,NULL,NULL,NULL,47515
24742122,1547563,69,70,NULL,NULL,NULL,NULL,47515
24742123,1547563,70,71,NULL,NULL,NULL,NULL,47515
24742124,1547563,71,72,NULL,NULL,NULL,NULL,47515
24742125,1547563,72,73,NULL,NULL,NULL,NULL,47515
24742126,1547563,73,74,NULL,NULL,NULL,NULL,47515
24742127,1547563,74,75,NULL,NULL,NULL,NULL,47515
24742128,1547563,75,76,NULL,NULL,NULL,NULL,47515
24742129,1547563,76,77,NULL,NULL,NULL,NULL,47515
24742130,1547563,77,78,NULL,NULL,NULL,NULL,47515
24742131,1547563,78,79,NULL,NULL,NULL,NULL,47515
24742132,1547563,79,80,NULL,NULL,NULL,NULL,47515
24742133,1547563,80,81,NULL,NULL,NULL,NULL,47515
24742134,1547563,81,82,NULL,NULL,NULL,NULL,47515
24742135,1547563,82,83,NULL,NULL,NULL,NULL,47515
24742136,1547563,83,84,NULL,NULL,NULL,NULL,47515
24742137,1547563,84,85,NULL,NULL,NULL,NULL,47515
24742138,1547563,85,86,NULL,NULL,NULL,NULL,47515
24742139,1547563,86,87,NULL,NULL,NULL,NULL,47515
24742140,1547563,87,88,NULL,NULL,NULL,NULL,47515
24742141,1547563,88,89,NULL,NULL,NULL,NULL,47515
24742142,1547563,89,90,NULL,NULL,NULL,NULL,47515
24742143,1547563,90,91,NULL,NULL,NULL,NULL,47515
24742144,1547563,91,92,NULL,NULL,NULL,NULL,47515
24742145,1547563,92,93,NULL,NULL,NULL,NULL,47515
24742146,1547563,93,94,NULL,NULL,NULL,NULL,47515
24742147,1547563,94,95,NULL,NULL,NULL,NULL,47515
24742148,1547563,95,96,NULL,NULL,NULL,NULL,47515
24742149,1547563,96,97,NULL,NULL,NULL,NULL,47515
24742150,1547563,97,98,NULL,NULL,NULL,NULL,47515
24742151,1547563,98,99,NULL,NULL,NULL,NULL,47515
24742152,1547563,99,100,NULL,NULL,NULL,NULL,47515
24742153,1547563,100,101,NULL,NULL,NULL,NULL,47515
24742154,1547563,101,102,NULL,NULL,NULL,NULL,47515
24742155,1547563,102,103,NULL,NULL,NULL,NULL,47515
24742156,1547563,103,104,NULL,NULL,NULL,NULL,47515
24742157,1547563,104,105,NULL,NULL,NULL,NULL,47515
24742158,1547563,105,106,NULL,NULL,NULL,NULL,47515
24742159,1547563,106,107,NULL,NULL,NULL,NULL,47515
24742160,1547563,107,108,NULL,NULL,NULL,NULL,47515
24742161,1547563,108,109,NULL,NULL,NULL,NULL,47515
24742162,1547563,109,110,NULL,NULL,NULL,NULL,47515
24742163,1547563,110,111,NULL,NULL,NULL,NULL,47515
24742164,1547563,111,112,NULL,NULL,NULL,NULL,47515
24742165,1547563,112,113,NULL,NULL,NULL,NULL,47515
24742166,1547563,113,114,NULL,NULL,NULL,NULL,47515
24742167,1547563,114,115,NULL,NULL,NULL,NULL,47515
24742168,1547563,115,116,NULL,NULL,NULL,NULL,47515
24742169,1547563,116,117,NULL,NULL,NULL,NULL,47515
24742170,1547563,117,118,NULL,NULL,NULL,NULL,47515
24742171,1547563,118,119,NULL,NULL,NULL,NULL,47515
24742172,1547563,119,120,NULL,NULL,NULL,NULL,47515
24742173,1547563,120,121,NULL,NULL,NULL,NULL,47515
24742174,1547563,121,122,NULL,NULL,NULL,NULL,47515
24742175,1547563,122,123,NULL,NULL,NULL,NULL,47515
24742176,1547563,123,124,NULL,NULL,NULL,NULL,47515
24742177,1547563,124,125,NULL,NULL,NULL,NULL,47515
24742178,1547563,125,126,NULL,NULL,NULL,NULL,47515
24742179,1547563,126,127,NULL,NULL,NULL,NULL,47515
24742180,1547563,127,128,NULL,NULL,NULL,NULL,47515
24742181,1547563,128,129,NULL,NULL,NULL,NULL,47515
24742182,1547563,129,130,NULL,NULL,NULL,NULL,47515
24742183,1547563,130,131,NULL,NULL,NULL,NULL,47515
24742184,1547563,131,132,NULL,NULL,NULL,NULL,47515
24742185,1547563,132,133,NULL,NULL,NULL,NULL,47515
24742186,1547563,133,134,NULL,NULL,NULL,NULL,47515
24742187,1547563,134,135,NULL,NULL,NULL,NULL,47515
24742188,1547563,135,136,NULL,NULL,NULL,NULL,47515
24742189,1547563,136,137,NULL,NULL,NULL,NULL,47515
24742190,1547563,137,138,NULL,NULL,NULL,NULL,47515
24742191,1547563,138,139,NULL,NULL,NULL,NULL,47515
24742663,1547570,0,1,NULL,NULL,NULL,NULL,47515
24742664,1547570,1,2,NULL,NULL,NULL,NULL,47515
24742665,1547570,2,3,NULL,NULL,NULL,NULL,47515
24742666,1547570,3,4,NULL,NULL,NULL,NULL,47515
24742667,1547570,4,5,NULL,NULL,NULL,NULL,47515
24742668,1547570,5,6,NULL,NULL,NULL,NULL,47515
24742669,1547570,6,7,NULL,NULL,NULL,NULL,47515
24742670,1547570,7,8,NULL,NULL,NULL,NULL,47515
24742671,1547570,8,9,NULL,NULL,NULL,NULL,47515
24742672,1547570,9,10,NULL,NULL,NULL,NULL,47515
24742673,1547570,10,11,NULL,NULL,NULL,NULL,47515
24742674,1547570,11,12,NULL,NULL,NULL,NULL,47515
24742675,1547570,12,13,NULL,NULL,NULL,NULL,47515
24742676,1547570,13,14,NULL,NULL,NULL,NULL,47515
24742677,1547570,14,15,NULL,NULL,NULL,NULL,47515
24742678,1547570,15,16,NULL,NULL,NULL,NULL,47515
24742679,1547570,16,17,NULL,NULL,NULL,NULL,47515
24742680,1547570,17,18,NULL,NULL,NULL,NULL,47515
24742681,1547570,18,19,NULL,NULL,NULL,NULL,47515
24742682,1547570,19,20,NULL,NULL,NULL,NULL,47515
24742683,1547570,20,21,NULL,NULL,NULL,NULL,47515
24742684,1547570,21,22,NULL,NULL,NULL,NULL,47515
24742685,1547570,22,23,NULL,NULL,NULL,NULL,47515
24742686,1547570,23,24,NULL,NULL,NULL,NULL,47515
24742687,1547570,24,25,NULL,NULL,NULL,NULL,47515
24742688,1547570,25,26,NULL,NULL,NULL,NULL,47515
24742689,1547570,26,27,NULL,NULL,NULL,NULL,47515
24742690,1547570,27,28,NULL,NULL,NULL,NULL,47515
24742691,1547570,28,29,NULL,NULL,NULL,NULL,47515
24742692,1547570,29,30,NULL,NULL,NULL,NULL,47515
24742693,1547570,30,31,NULL,NULL,NULL,NULL,47515
24742694,1547570,31,32,NULL,NULL,NULL,NULL,47515
24742695,1547570,32,33,NULL,NULL,NULL,NULL,47515
24742696,1547570,33,34,NULL,NULL,NULL,NULL,47515
24742697,1547570,34,35,NULL,NULL,NULL,NULL,47515
24742698,1547570,35,36,NULL,NULL,NULL,NULL,47515
24742699,1547570,36,37,NULL,NULL,NULL,NULL,47515
24742700,1547570,37,38,NULL,NULL,NULL,NULL,47515
24742701,1547570,38,39,NULL,NULL,NULL,NULL,47515
24742702,1547570,39,40,NULL,NULL,NULL,NULL,47515
24742703,1547570,40,41,NULL,NULL,NULL,NULL,47515
24742704,1547570,41,42,NULL,NULL,NULL,NULL,47515
24742705,1547570,42,43,NULL,NULL,NULL,NULL,47515
24742706,1547570,43,44,NULL,NULL,NULL,NULL,47515
24742707,1547570,44,45,NULL,NULL,NULL,NULL,47515
24742708,1547570,45,46,NULL,NULL,NULL,NULL,47515
24742709,1547570,46,47,NULL,NULL,NULL,NULL,47515
24742710,1547570,47,48,NULL,NULL,NULL,NULL,47515
24742711,1547570,48,49,NULL,NULL,NULL,NULL,47515
24742712,1547570,49,50,NULL,NULL,NULL,NULL,47515
24742713,1547570,50,51,NULL,NULL,NULL,NULL,47515
24742714,1547570,51,52,NULL,NULL,NULL,NULL,47515
24742715,1547570,52,53,NULL,NULL,NULL,NULL,47515
24742716,1547570,53,54,NULL,NULL,NULL,NULL,47515
24742717,1547570,54,55,NULL,NULL,NULL,NULL,47515
24742718,1547570,55,56,NULL,NULL,NULL,NULL,47515
24742719,1547570,56,57,NULL,NULL,NULL,NULL,47515
24742720,1547570,57,58,NULL,NULL,NULL,NULL,47515
24742721,1547570,58,59,NULL,NULL,NULL,NULL,47515
24742722,1547570,59,60,NULL,NULL,NULL,NULL,47515
24742723,1547570,60,61,NULL,NULL,NULL,NULL,47515
24742724,1547570,61,62,NULL,NULL,NULL,NULL,47515
24742725,1547570,62,63,NULL,NULL,NULL,NULL,47515
24742726,1547570,63,64,NULL,NULL,NULL,NULL,47515
24742727,1547570,64,65,NULL,NULL,NULL,NULL,47515
24742728,1547570,65,66,NULL,NULL,NULL,NULL,47515
24742729,1547570,66,67,NULL,NULL,NULL,NULL,47515
24742730,1547570,67,68,NULL,NULL,NULL,NULL,47515
24742731,1547570,68,69,NULL,NULL,NULL,NULL,47515
24742732,1547570,69,70,NULL,NULL,NULL,NULL,47515
24742733,1547570,70,71,NULL,NULL,NULL,NULL,47515
24742734,1547570,71,72,NULL,NULL,NULL,NULL,47515
24742735,1547570,72,73,NULL,NULL,NULL,NULL,47515
24742736,1547570,73,74,NULL,NULL,NULL,NULL,47515
24742737,1547570,74,75,NULL,NULL,NULL,NULL,47515
24742738,1547570,75,76,NULL,NULL,NULL,NULL,47515
24742739,1547570,76,77,NULL,NULL,NULL,NULL,47515
24742740,1547570,77,78,NULL,NULL,NULL,NULL,47515
24742741,1547570,78,79,NULL,NULL,NULL,NULL,47515
24742742,1547570,79,80,NULL,NULL,NULL,NULL,47515
24742743,1547570,80,81,NULL,NULL,NULL,NULL,47515
24742744,1547570,81,82,NULL,NULL,NULL,NULL,47515
24742745,1547570,82,83,NULL,NULL,NULL,NULL,47515
24742746,1547570,83,84,NULL,NULL,NULL,NULL,47515
24742747,1547570,84,85,NULL,NULL,NULL,NULL,47515
24742748,1547570,85,86,NULL,NULL,NULL,NULL,47515
24742749,1547570,86,87,NULL,NULL,NULL,NULL,47515
24742750,1547570,87,88,NULL,NULL,NULL,NULL,47515
24742751,1547570,88,89,NULL,NULL,NULL,NULL,47515
24742752,1547570,89,90,NULL,NULL,NULL,NULL,47515
24742753,1547570,90,91,NULL,NULL,NULL,NULL,47515
24742754,1547570,91,92,NULL,NULL,NULL,NULL,47515
24742755,1547570,92,93,NULL,NULL,NULL,NULL,47515
24742756,1547570,93,94,NULL,NULL,NULL,NULL,47515
24742757,1547570,94,95,NULL,NULL,NULL,NULL,47515
24742758,1547570,95,96,NULL,NULL,NULL,NULL,47515
24742759,1547570,96,97,NULL,NULL,NULL,NULL,47515
24742760,1547570,97,98,NULL,NULL,NULL,NULL,47515
24742761,1547570,98,99,NULL,NULL,NULL,NULL,47515
24742762,1547570,99,100,NULL,NULL,NULL,NULL,47515
24742763,1547570,100,101,NULL,NULL,NULL,NULL,47515
24742764,1547570,101,102,NULL,NULL,NULL,NULL,47515
24742765,1547570,102,103,NULL,NULL,NULL,NULL,47515
24742766,1547570,103,104,NULL,NULL,NULL,NULL,47515
24742767,1547570,104,105,NULL,NULL,NULL,NULL,47515
24742768,1547570,105,106,NULL,NULL,NULL,NULL,47515
24742769,1547570,106,107,NULL,NULL,NULL,NULL,47515
24742770,1547570,107,108,NULL,NULL,NULL,NULL,47515
24742771,1547570,108,109,NULL,NULL,NULL,NULL,47515
24742852,1547572,0,1,NULL,NULL,NULL,NULL,47515
24742853,1547572,1,2,NULL,NULL,NULL,NULL,47515
24742854,1547572,2,3,NULL,NULL,NULL,NULL,47515
24742855,1547572,3,4,NULL,NULL,NULL,NULL,47515
24742856,1547572,4,5,NULL,NULL,NULL,NULL,47515
24742857,1547572,5,6,NULL,NULL,NULL,NULL,47515
24742858,1547572,6,7,NULL,NULL,NULL,NULL,47515
24742859,1547572,7,8,NULL,NULL,NULL,NULL,47515
24742860,1547572,8,9,NULL,NULL,NULL,NULL,47515
24742861,1547572,9,10,NULL,NULL,NULL,NULL,47515
24742862,1547572,10,11,NULL,NULL,NULL,NULL,47515
24742863,1547572,11,12,NULL,NULL,NULL,NULL,47515
24742864,1547572,12,13,NULL,NULL,NULL,NULL,47515
24742865,1547572,13,14,NULL,NULL,NULL,NULL,47515
24742866,1547572,14,15,NULL,NULL,NULL,NULL,47515
24742867,1547572,15,16,NULL,NULL,NULL,NULL,47515
24742868,1547572,16,17,NULL,NULL,NULL,NULL,47515
24742869,1547572,17,18,NULL,NULL,NULL,NULL,47515
24742870,1547572,18,19,NULL,NULL,NULL,NULL,47515
24742871,1547572,19,20,NULL,NULL,NULL,NULL,47515
24742872,1547572,20,21,NULL,NULL,NULL,NULL,47515
24742873,1547572,21,22,NULL,NULL,NULL,NULL,47515
24742874,1547572,22,23,NULL,NULL,NULL,NULL,47515
24742875,1547572,23,24,NULL,NULL,NULL,NULL,47515
24742876,1547572,24,25,NULL,NULL,NULL,NULL,47515
24742877,1547572,25,26,NULL,NULL,NULL,NULL,47515
24742878,1547572,26,27,NULL,NULL,NULL,NULL,47515
24742879,1547572,27,28,NULL,NULL,NULL,NULL,47515
24742880,1547572,28,29,NULL,NULL,NULL,NULL,47515
24742881,1547572,29,30,NULL,NULL,NULL,NULL,47515
24742882,1547572,30,31,NULL,NULL,NULL,NULL,47515
24742883,1547572,31,32,NULL,NULL,NULL,NULL,47515
24742884,1547572,32,33,NULL,NULL,NULL,NULL,47515
24742885,1547572,33,34,NULL,NULL,NULL,NULL,47515
24742886,1547572,34,35,NULL,NULL,NULL,NULL,47515
24742887,1547572,35,36,NULL,NULL,NULL,NULL,47515
24742888,1547572,36,37,NULL,NULL,NULL,NULL,47515
24742889,1547572,37,38,NULL,NULL,NULL,NULL,47515
24742890,1547572,38,39,NULL,NULL,NULL,NULL,47515
24742891,1547572,39,40,NULL,NULL,NULL,NULL,47515
24742892,1547572,40,41,NULL,NULL,NULL,NULL,47515
24742893,1547572,41,42,NULL,NULL,NULL,NULL,47515
24742894,1547572,42,43,NULL,NULL,NULL,NULL,47515
24742895,1547572,43,44,NULL,NULL,NULL,NULL,47515
24742896,1547572,44,45,NULL,NULL,NULL,NULL,47515
24742897,1547572,45,46,NULL,NULL,NULL,NULL,47515
24742898,1547572,46,47,NULL,NULL,NULL,NULL,47515
24742899,1547572,47,48,NULL,NULL,NULL,NULL,47515
24742900,1547572,48,49,NULL,NULL,NULL,NULL,47515
24742901,1547572,49,50,NULL,NULL,NULL,NULL,47515
24742902,1547572,50,51,NULL,NULL,NULL,NULL,47515
24742903,1547572,51,52,NULL,NULL,NULL,NULL,47515
24742904,1547572,52,53,NULL,NULL,NULL,NULL,47515
24742905,1547572,53,54,NULL,NULL,NULL,NULL,47515
24742906,1547572,54,55,NULL,NULL,NULL,NULL,47515
24742907,1547572,55,56,NULL,NULL,NULL,NULL,47515
24742908,1547572,56,57,NULL,NULL,NULL,NULL,47515
24742909,1547572,57,58,NULL,NULL,NULL,NULL,47515
24742910,1547572,58,59,NULL,NULL,NULL,NULL,47515
24742911,1547572,59,60,NULL,NULL,NULL,NULL,47515
24742912,1547572,60,61,NULL,NULL,NULL,NULL,47515
24742913,1547572,61,62,NULL,NULL,NULL,NULL,47515
24742914,1547572,62,63,NULL,NULL,NULL,NULL,47515
24742915,1547572,63,64,NULL,NULL,NULL,NULL,47515
24742916,1547572,64,65,NULL,NULL,NULL,NULL,47515
24742917,1547572,65,66,NULL,NULL,NULL,NULL,47515
24742918,1547572,66,67,NULL,NULL,NULL,NULL,47515
24742919,1547572,67,68,NULL,NULL,NULL,NULL,47515
24742920,1547572,68,69,NULL,NULL,NULL,NULL,47515
24742921,1547572,69,70,NULL,NULL,NULL,NULL,47515
24742922,1547572,70,71,NULL,NULL,NULL,NULL,47515
24742923,1547572,71,72,NULL,NULL,NULL,NULL,47515
24742924,1547572,72,73,NULL,NULL,NULL,NULL,47515
24742925,1547572,73,74,NULL,NULL,NULL,NULL,47515
24742926,1547572,74,75,NULL,NULL,NULL,NULL,47515
24742927,1547572,75,76,NULL,NULL,NULL,NULL,47515
24742928,1547572,76,77,NULL,NULL,NULL,NULL,47515
24742929,1547572,77,78,NULL,NULL,NULL,NULL,47515
24742930,1547572,78,79,NULL,NULL,NULL,NULL,47515
24742931,1547572,79,80,NULL,NULL,NULL,NULL,47515
24742932,1547572,80,81,NULL,NULL,NULL,NULL,47515
24742933,1547572,81,82,NULL,NULL,NULL,NULL,47515
24742934,1547572,82,83,NULL,NULL,NULL,NULL,47515
24742935,1547572,83,84,NULL,NULL,NULL,NULL,47515
24742936,1547572,84,85,NULL,NULL,NULL,NULL,47515
24742937,1547572,85,86,NULL,NULL,NULL,NULL,47515
24742938,1547572,86,87,NULL,NULL,NULL,NULL,47515
24742939,1547572,87,88,NULL,NULL,NULL,NULL,47515
24742940,1547572,88,89,NULL,NULL,NULL,NULL,47515
24742941,1547572,89,90,NULL,NULL,NULL,NULL,47515
24742942,1547572,90,91,NULL,NULL,NULL,NULL,47515
24742943,1547572,91,92,NULL,NULL,NULL,NULL,47515
24742944,1547572,92,93,NULL,NULL,NULL,NULL,47515
24742945,1547572,93,94,NULL,NULL,NULL,NULL,47515
24742946,1547572,94,95,NULL,NULL,NULL,NULL,47515
24742947,1547572,95,96,NULL,NULL,NULL,NULL,47515
24742948,1547572,96,97,NULL,NULL,NULL,NULL,47515
24742949,1547572,97,98,NULL,NULL,NULL,NULL,47515
24742950,1547572,98,99,NULL,NULL,NULL,NULL,47515
24742951,1547572,99,100,NULL,NULL,NULL,NULL,47515
24742952,1547572,100,101,NULL,NULL,NULL,NULL,47515
24742953,1547572,101,102,NULL,NULL,NULL,NULL,47515
24742954,1547573,0,1,NULL,NULL,NULL,NULL,47515
24742955,1547573,1,2,NULL,NULL,NULL,NULL,47515
24742956,1547573,2,3,NULL,NULL,NULL,NULL,47515
24742957,1547573,3,4,NULL,NULL,NULL,NULL,47515
24742958,1547573,4,5,NULL,NULL,NULL,NULL,47515
24742959,1547573,5,6,NULL,NULL,NULL,NULL,47515
24742960,1547573,6,7,NULL,NULL,NULL,NULL,47515
24742961,1547573,7,8,NULL,NULL,NULL,NULL,47515
24742962,1547573,8,9,NULL,NULL,NULL,NULL,47515
24742963,1547573,9,10,NULL,NULL,NULL,NULL,47515
24742964,1547573,10,11,NULL,NULL,NULL,NULL,47515
24742965,1547573,11,12,NULL,NULL,NULL,NULL,47515
24742966,1547573,12,13,NULL,NULL,NULL,NULL,47515
24742967,1547573,13,14,NULL,NULL,NULL,NULL,47515
24742968,1547573,14,15,NULL,NULL,NULL,NULL,47515
24742969,1547573,15,16,NULL,NULL,NULL,NULL,47515
24742970,1547573,16,17,NULL,NULL,NULL,NULL,47515
24742971,1547573,17,18,NULL,NULL,NULL,NULL,47515
24742972,1547573,18,19,NULL,NULL,NULL,NULL,47515
24742973,1547573,19,20,NULL,NULL,NULL,NULL,47515
24742974,1547573,20,21,NULL,NULL,NULL,NULL,47515
24742975,1547573,21,22,NULL,NULL,NULL,NULL,47515
24742976,1547573,22,23,NULL,NULL,NULL,NULL,47515
24742977,1547573,23,24,NULL,NULL,NULL,NULL,47515
24742978,1547573,24,25,NULL,NULL,NULL,NULL,47515
24742979,1547573,25,26,NULL,NULL,NULL,NULL,47515
24742980,1547573,26,27,NULL,NULL,NULL,NULL,47515
24742981,1547573,27,28,NULL,NULL,NULL,NULL,47515
24742982,1547573,28,29,NULL,NULL,NULL,NULL,47515
24742983,1547573,29,30,NULL,NULL,NULL,NULL,47515
24742984,1547573,30,31,NULL,NULL,NULL,NULL,47515
24742985,1547573,31,32,NULL,NULL,NULL,NULL,47515
24742986,1547573,32,33,NULL,NULL,NULL,NULL,47515
24742987,1547573,33,34,NULL,NULL,NULL,NULL,47515
24742988,1547573,34,35,NULL,NULL,NULL,NULL,47515
24742989,1547573,35,36,NULL,NULL,NULL,NULL,47515
24742990,1547573,36,37,NULL,NULL,NULL,NULL,47515
24742991,1547573,37,38,NULL,NULL,NULL,NULL,47515
24742992,1547573,38,39,NULL,NULL,NULL,NULL,47515
24742993,1547573,39,40,NULL,NULL,NULL,NULL,47515
24742994,1547573,40,41,NULL,NULL,NULL,NULL,47515
24742995,1547573,41,42,NULL,NULL,NULL,NULL,47515
24742996,1547573,42,43,NULL,NULL,NULL,NULL,47515
24742997,1547573,43,44,NULL,NULL,NULL,NULL,47515
24742998,1547573,44,45,NULL,NULL,NULL,NULL,47515
24742999,1547573,45,46,NULL,NULL,NULL,NULL,47515
24743000,1547573,46,47,NULL,NULL,NULL,NULL,47515
24743001,1547573,47,48,NULL,NULL,NULL,NULL,47515
24743002,1547573,48,49,NULL,NULL,NULL,NULL,47515
24743003,1547573,49,50,NULL,NULL,NULL,NULL,47515
24743004,1547573,50,51,NULL,NULL,NULL,NULL,47515
24743005,1547573,51,52,NULL,NULL,NULL,NULL,47515
24743006,1547573,52,53,NULL,NULL,NULL,NULL,47515
24743007,1547573,53,54,NULL,NULL,NULL,NULL,47515
24743008,1547573,54,55,NULL,NULL,NULL,NULL,47515
24743009,1547573,55,56,NULL,NULL,NULL,NULL,47515
24743010,1547573,56,57,NULL,NULL,NULL,NULL,47515
24743011,1547573,57,58,NULL,NULL,NULL,NULL,47515
24743012,1547573,58,59,NULL,NULL,NULL,NULL,47515
24743013,1547573,59,60,NULL,NULL,NULL,NULL,47515
24743014,1547573,60,61,NULL,NULL,NULL,NULL,47515
24743015,1547573,61,62,NULL,NULL,NULL,NULL,47515
24743016,1547573,62,63,NULL,NULL,NULL,NULL,47515
24743017,1547573,63,64,NULL,NULL,NULL,NULL,47515
24743018,1547573,64,65,NULL,NULL,NULL,NULL,47515
24743019,1547573,65,66,NULL,NULL,NULL,NULL,47515
24743020,1547573,66,67,NULL,NULL,NULL,NULL,47515
24743021,1547573,67,68,NULL,NULL,NULL,NULL,47515
24743022,1547573,68,69,NULL,NULL,NULL,NULL,47515
24743023,1547573,69,70,NULL,NULL,NULL,NULL,47515
24743024,1547573,70,71,NULL,NULL,NULL,NULL,47515
24743025,1547573,71,72,NULL,NULL,NULL,NULL,47515
24743026,1547573,72,73,NULL,NULL,NULL,NULL,47515
24743027,1547573,73,74,NULL,NULL,NULL,NULL,47515
24743028,1547573,74,75,NULL,NULL,NULL,NULL,47515
24743029,1547573,75,76,NULL,NULL,NULL,NULL,47515
24743030,1547573,76,77,NULL,NULL,NULL,NULL,47515
24743031,1547573,77,78,NULL,NULL,NULL,NULL,47515
24743032,1547573,78,79,NULL,NULL,NULL,NULL,47515
24743033,1547573,79,80,NULL,NULL,NULL,NULL,47515
24743034,1547573,80,81,NULL,NULL,NULL,NULL,47515
24743035,1547573,81,82,NULL,NULL,NULL,NULL,47515
24743036,1547573,82,83,NULL,NULL,NULL,NULL,47515
24743037,1547573,83,84,NULL,NULL,NULL,NULL,47515
24743038,1547573,84,85,NULL,NULL,NULL,NULL,47515
24743039,1547573,85,86,NULL,NULL,NULL,NULL,47515
24743040,1547573,86,87,NULL,NULL,NULL,NULL,47515
24743041,1547573,87,88,NULL,NULL,NULL,NULL,47515
24743042,1547573,88,89,NULL,NULL,NULL,NULL,47515
24743043,1547573,89,90,NULL,NULL,NULL,NULL,47515
24743044,1547573,90,91,NULL,NULL,NULL,NULL,47515
24743045,1547573,91,92,NULL,NULL,NULL,NULL,47515
24743046,1547573,92,93,NULL,NULL,NULL,NULL,47515
24743047,1547573,93,94,NULL,NULL,NULL,NULL,47515
24743048,1547573,94,95,NULL,NULL,NULL,NULL,47515
24743049,1547573,95,96,NULL,NULL,NULL,NULL,47515
24743050,1547573,96,97,NULL,NULL,NULL,NULL,47515
24743051,1547573,97,98,NULL,NULL,NULL,NULL,47515
24743052,1547573,98,99,NULL,NULL,NULL,NULL,47515
24743053,1547573,99,100,NULL,NULL,NULL,NULL,47515
24743054,1547573,100,101,NULL,NULL,NULL,NULL,47515
24743055,1547573,101,102,NULL,NULL,NULL,NULL,47515
24743056,1547573,102,103,NULL,NULL,NULL,NULL,47515
24743057,1547573,103,104,NULL,NULL,NULL,NULL,47515
24743058,1547573,104,105,NULL,NULL,NULL,NULL,47515
24743059,1547573,105,106,NULL,NULL,NULL,NULL,47515
24743060,1547573,106,107,NULL,NULL,NULL,NULL,47515
24743061,1547573,107,108,NULL,NULL,NULL,NULL,47515
24743062,1547573,108,109,NULL,NULL,NULL,NULL,47515
24743063,1547573,109,110,NULL,NULL,NULL,NULL,47515
24743064,1547573,110,111,NULL,NULL,NULL,NULL,47515
24743065,1547573,111,112,NULL,NULL,NULL,NULL,47515
24743066,1547573,112,113,NULL,NULL,NULL,NULL,47515
24743067,1547573,113,114,NULL,NULL,NULL,NULL,47515
24743068,1547573,114,115,NULL,NULL,NULL,NULL,47515
24743069,1547573,115,116,NULL,NULL,NULL,NULL,47515
24743070,1547573,116,117,NULL,NULL,NULL,NULL,47515
24743071,1547573,117,118,NULL,NULL,NULL,NULL,47515
24743072,1547573,118,119,NULL,NULL,NULL,NULL,47515
24743073,1547573,119,120,NULL,NULL,NULL,NULL,47515
24743074,1547573,120,121,NULL,NULL,NULL,NULL,47515
24743075,1547573,121,122,NULL,NULL,NULL,NULL,47515
24743076,1547573,122,123,NULL,NULL,NULL,NULL,47515
24743077,1547573,123,124,NULL,NULL,NULL,NULL,47515
24743078,1547573,124,125,NULL,NULL,NULL,NULL,47515
24743079,1547573,125,126,NULL,NULL,NULL,NULL,47515
24743080,1547573,126,127,NULL,NULL,NULL,NULL,47515
24743081,1547573,127,128,NULL,NULL,NULL,NULL,47515
24743082,1547573,128,129,NULL,NULL,NULL,NULL,47515
24743083,1547573,129,130,NULL,NULL,NULL,NULL,47515
24743084,1547573,130,131,NULL,NULL,NULL,NULL,47515
24743085,1547573,131,132,NULL,NULL,NULL,NULL,47515
24743086,1547573,132,133,NULL,NULL,NULL,NULL,47515
24743087,1547573,133,134,NULL,NULL,NULL,NULL,47515
24743088,1547573,134,135,NULL,NULL,NULL,NULL,47515
24743089,1547573,135,136,NULL,NULL,NULL,NULL,47515
24743090,1547573,136,137,NULL,NULL,NULL,NULL,47515
24743091,1547573,137,138,NULL,NULL,NULL,NULL,47515
24743092,1547573,138,139,NULL,NULL,NULL,NULL,47515
24743333,1547577,0,1,NULL,NULL,NULL,NULL,47515
24743334,1547577,1,2,NULL,NULL,NULL,NULL,47515
24743335,1547577,2,3,NULL,NULL,NULL,NULL,47515
24743336,1547577,3,4,NULL,NULL,NULL,NULL,47515
24743337,1547577,4,5,NULL,NULL,NULL,NULL,47515
24743338,1547577,5,6,NULL,NULL,NULL,NULL,47515
24743339,1547577,6,7,NULL,NULL,NULL,NULL,47515
24743340,1547577,7,8,NULL,NULL,NULL,NULL,47515
24743341,1547577,8,9,NULL,NULL,NULL,NULL,47515
24743342,1547577,9,10,NULL,NULL,NULL,NULL,47515
24743343,1547577,10,11,NULL,NULL,NULL,NULL,47515
24743344,1547577,11,12,NULL,NULL,NULL,NULL,47515
24743345,1547577,12,13,NULL,NULL,NULL,NULL,47515
24743346,1547577,13,14,NULL,NULL,NULL,NULL,47515
24743347,1547577,14,15,NULL,NULL,NULL,NULL,47515
24743348,1547577,15,16,NULL,NULL,NULL,NULL,47515
24743349,1547577,16,17,NULL,NULL,NULL,NULL,47515
24743350,1547577,17,18,NULL,NULL,NULL,NULL,47515
24743351,1547577,18,19,NULL,NULL,NULL,NULL,47515
24743352,1547577,19,20,NULL,NULL,NULL,NULL,47515
24743353,1547577,20,21,NULL,NULL,NULL,NULL,47515
24743354,1547577,21,22,NULL,NULL,NULL,NULL,47515
24743355,1547577,22,23,NULL,NULL,NULL,NULL,47515
24743356,1547577,23,24,NULL,NULL,NULL,NULL,47515
24743357,1547577,24,25,NULL,NULL,NULL,NULL,47515
24743358,1547577,25,26,NULL,NULL,NULL,NULL,47515
24743359,1547577,26,27,NULL,NULL,NULL,NULL,47515
24743360,1547577,27,28,NULL,NULL,NULL,NULL,47515
24743361,1547577,28,29,NULL,NULL,NULL,NULL,47515
24743362,1547577,29,30,NULL,NULL,NULL,NULL,47515
24743363,1547577,30,31,NULL,NULL,NULL,NULL,47515
24743364,1547577,31,32,NULL,NULL,NULL,NULL,47515
24743365,1547577,32,33,NULL,NULL,NULL,NULL,47515
24743366,1547577,33,34,NULL,NULL,NULL,NULL,47515
24743367,1547577,34,35,NULL,NULL,NULL,NULL,47515
24743368,1547577,35,36,NULL,NULL,NULL,NULL,47515
24743369,1547577,36,37,NULL,NULL,NULL,NULL,47515
24743370,1547577,37,38,NULL,NULL,NULL,NULL,47515
24743371,1547577,38,39,NULL,NULL,NULL,NULL,47515
24743372,1547577,39,40,NULL,NULL,NULL,NULL,47515
24743373,1547577,40,41,NULL,NULL,NULL,NULL,47515
24743374,1547577,41,42,NULL,NULL,NULL,NULL,47515
24743375,1547577,42,43,NULL,NULL,NULL,NULL,47515
24743376,1547577,43,44,NULL,NULL,NULL,NULL,47515
24743377,1547577,44,45,NULL,NULL,NULL,NULL,47515
24743378,1547577,45,46,NULL,NULL,NULL,NULL,47515
24743379,1547577,46,47,NULL,NULL,NULL,NULL,47515
24743380,1547577,47,48,NULL,NULL,NULL,NULL,47515
24743381,1547577,48,49,NULL,NULL,NULL,NULL,47515
24743382,1547577,49,50,NULL,NULL,NULL,NULL,47515
24743383,1547577,50,51,NULL,NULL,NULL,NULL,47515
24743384,1547577,51,52,NULL,NULL,NULL,NULL,47515
24743385,1547577,52,53,NULL,NULL,NULL,NULL,47515
24743386,1547577,53,54,NULL,NULL,NULL,NULL,47515
24743387,1547577,54,55,NULL,NULL,NULL,NULL,47515
24743388,1547577,55,56,NULL,NULL,NULL,NULL,47515
24743389,1547577,56,57,NULL,NULL,NULL,NULL,47515
24743390,1547577,57,58,NULL,NULL,NULL,NULL,47515
24743391,1547577,58,59,NULL,NULL,NULL,NULL,47515
24743392,1547577,59,60,NULL,NULL,NULL,NULL,47515
24743393,1547577,60,61,NULL,NULL,NULL,NULL,47515
24743394,1547577,61,62,NULL,NULL,NULL,NULL,47515
24743395,1547577,62,63,NULL,NULL,NULL,NULL,47515
24743396,1547577,63,64,NULL,NULL,NULL,NULL,47515
24743397,1547577,64,65,NULL,NULL,NULL,NULL,47515
24743398,1547577,65,66,NULL,NULL,NULL,NULL,47515
24743399,1547577,66,67,NULL,NULL,NULL,NULL,47515
24743400,1547577,67,68,NULL,NULL,NULL,NULL,47515
24743401,1547577,68,69,NULL,NULL,NULL,NULL,47515
24743402,1547577,69,70,NULL,NULL,NULL,NULL,47515
24743403,1547577,70,71,NULL,NULL,NULL,NULL,47515
24743404,1547577,71,72,NULL,NULL,NULL,NULL,47515
24743405,1547577,72,73,NULL,NULL,NULL,NULL,47515
24743406,1547577,73,74,NULL,NULL,NULL,NULL,47515
24743407,1547577,74,75,NULL,NULL,NULL,NULL,47515
24743408,1547577,75,76,NULL,NULL,NULL,NULL,47515
24743409,1547577,76,77,NULL,NULL,NULL,NULL,47515
24743410,1547577,77,78,NULL,NULL,NULL,NULL,47515
24743411,1547577,78,79,NULL,NULL,NULL,NULL,47515
24743412,1547577,79,80,NULL,NULL,NULL,NULL,47515
24743413,1547577,80,81,NULL,NULL,NULL,NULL,47515
24743414,1547577,81,82,NULL,NULL,NULL,NULL,47515
24743415,1547577,82,83,NULL,NULL,NULL,NULL,47515
24743416,1547577,83,84,NULL,NULL,NULL,NULL,47515
24743417,1547577,84,85,NULL,NULL,NULL,NULL,47515
24743418,1547577,85,86,NULL,NULL,NULL,NULL,47515
24743419,1547577,86,87,NULL,NULL,NULL,NULL,47515
24743420,1547577,87,88,NULL,NULL,NULL,NULL,47515
24743421,1547577,88,89,NULL,NULL,NULL,NULL,47515
24743422,1547577,89,90,NULL,NULL,NULL,NULL,47515
24743423,1547577,90,91,NULL,NULL,NULL,NULL,47515
24743424,1547577,91,92,NULL,NULL,NULL,NULL,47515
24743425,1547577,92,93,NULL,NULL,NULL,NULL,47515
24743426,1547577,93,94,NULL,NULL,NULL,NULL,47515
24743427,1547577,94,95,NULL,NULL,NULL,NULL,47515
24743428,1547577,95,96,NULL,NULL,NULL,NULL,47515
24743429,1547577,96,97,NULL,NULL,NULL,NULL,47515
24743430,1547577,97,98,NULL,NULL,NULL,NULL,47515
24743431,1547577,98,99,NULL,NULL,NULL,NULL,47515
24743432,1547577,99,100,NULL,NULL,NULL,NULL,47515
24743433,1547577,100,101,NULL,NULL,NULL,NULL,47515
24743434,1547577,101,102,NULL,NULL,NULL,NULL,47515
24743435,1547577,102,103,NULL,NULL,NULL,NULL,47515
24743436,1547577,103,104,NULL,NULL,NULL,NULL,47515
24743437,1547577,104,105,NULL,NULL,NULL,NULL,47515
24743438,1547577,105,106,NULL,NULL,NULL,NULL,47515
24743439,1547577,106,107,NULL,NULL,NULL,NULL,47515
24743440,1547577,107,108,NULL,NULL,NULL,NULL,47515
24743441,1547577,108,109,NULL,NULL,NULL,NULL,47515
24743442,1547577,109,110,NULL,NULL,NULL,NULL,47515
24743443,1547577,110,111,NULL,NULL,NULL,NULL,47515
24743444,1547577,111,112,NULL,NULL,NULL,NULL,47515
24743445,1547577,112,113,NULL,NULL,NULL,NULL,47515
24743446,1547577,113,114,NULL,NULL,NULL,NULL,47515
24743447,1547577,114,115,NULL,NULL,NULL,NULL,47515
24743448,1547577,115,116,NULL,NULL,NULL,NULL,47515
24743449,1547577,116,117,NULL,NULL,NULL,NULL,47515
24743450,1547577,117,118,NULL,NULL,NULL,NULL,47515
24743451,1547577,118,119,NULL,NULL,NULL,NULL,47515
24743452,1547577,119,120,NULL,NULL,NULL,NULL,47515
24743668,1547581,0,1,NULL,NULL,NULL,NULL,47515
24743669,1547581,1,2,NULL,NULL,NULL,NULL,47515
24743670,1547581,2,3,NULL,NULL,NULL,NULL,47515
24743671,1547581,3,4,NULL,NULL,NULL,NULL,47515
24743672,1547581,4,5,NULL,NULL,NULL,NULL,47515
24743673,1547581,5,6,NULL,NULL,NULL,NULL,47515
24743674,1547581,6,7,NULL,NULL,NULL,NULL,47515
24743675,1547581,7,8,NULL,NULL,NULL,NULL,47515
24743676,1547581,8,9,NULL,NULL,NULL,NULL,47515
24743677,1547581,9,10,NULL,NULL,NULL,NULL,47515
24743678,1547581,10,11,NULL,NULL,NULL,NULL,47515
24743679,1547581,11,12,NULL,NULL,NULL,NULL,47515
24743680,1547581,12,13,NULL,NULL,NULL,NULL,47515
24743681,1547581,13,14,NULL,NULL,NULL,NULL,47515
24743682,1547581,14,15,NULL,NULL,NULL,NULL,47515
24743683,1547581,15,16,NULL,NULL,NULL,NULL,47515
24743684,1547581,16,17,NULL,NULL,NULL,NULL,47515
24743685,1547581,17,18,NULL,NULL,NULL,NULL,47515
24743686,1547581,18,19,NULL,NULL,NULL,NULL,47515
24743687,1547581,19,20,NULL,NULL,NULL,NULL,47515
24743688,1547581,20,21,NULL,NULL,NULL,NULL,47515
24743689,1547581,21,22,NULL,NULL,NULL,NULL,47515
24743690,1547581,22,23,NULL,NULL,NULL,NULL,47515
24743691,1547581,23,24,NULL,NULL,NULL,NULL,47515
24743692,1547581,24,25,NULL,NULL,NULL,NULL,47515
24743693,1547581,25,26,NULL,NULL,NULL,NULL,47515
24743694,1547581,26,27,NULL,NULL,NULL,NULL,47515
24743695,1547581,27,28,NULL,NULL,NULL,NULL,47515
24743696,1547581,28,29,NULL,NULL,NULL,NULL,47515
24743697,1547581,29,30,NULL,NULL,NULL,NULL,47515
24743698,1547581,30,31,NULL,NULL,NULL,NULL,47515
24743699,1547581,31,32,NULL,NULL,NULL,NULL,47515
24743700,1547581,32,33,NULL,NULL,NULL,NULL,47515
24743701,1547581,33,34,NULL,NULL,NULL,NULL,47515
24743702,1547581,34,35,NULL,NULL,NULL,NULL,47515
24743703,1547581,35,36,NULL,NULL,NULL,NULL,47515
24743704,1547581,36,37,NULL,NULL,NULL,NULL,47515
24743705,1547581,37,38,NULL,NULL,NULL,NULL,47515
24743706,1547581,38,39,NULL,NULL,NULL,NULL,47515
24743707,1547581,39,40,NULL,NULL,NULL,NULL,47515
24743708,1547581,40,41,NULL,NULL,NULL,NULL,47515
24743709,1547581,41,42,NULL,NULL,NULL,NULL,47515
24743710,1547581,42,43,NULL,NULL,NULL,NULL,47515
24743711,1547581,43,44,NULL,NULL,NULL,NULL,47515
24743712,1547581,44,45,NULL,NULL,NULL,NULL,47515
24743713,1547581,45,46,NULL,NULL,NULL,NULL,47515
24743714,1547581,46,47,NULL,NULL,NULL,NULL,47515
24743715,1547581,47,48,NULL,NULL,NULL,NULL,47515
24743716,1547581,48,49,NULL,NULL,NULL,NULL,47515
24743717,1547581,49,50,NULL,NULL,NULL,NULL,47515
24743718,1547581,50,51,NULL,NULL,NULL,NULL,47515
24743719,1547581,51,52,NULL,NULL,NULL,NULL,47515
24743720,1547581,52,53,NULL,NULL,NULL,NULL,47515
24743721,1547581,53,54,NULL,NULL,NULL,NULL,47515
24743722,1547581,54,55,NULL,NULL,NULL,NULL,47515
24743723,1547581,55,56,NULL,NULL,NULL,NULL,47515
24743724,1547581,56,57,NULL,NULL,NULL,NULL,47515
24743725,1547581,57,58,NULL,NULL,NULL,NULL,47515
24743726,1547581,58,59,NULL,NULL,NULL,NULL,47515
24743727,1547581,59,60,NULL,NULL,NULL,NULL,47515
24743728,1547581,60,61,NULL,NULL,NULL,NULL,47515
24743729,1547581,61,62,NULL,NULL,NULL,NULL,47515
24743730,1547581,62,63,NULL,NULL,NULL,NULL,47515
24743731,1547581,63,64,NULL,NULL,NULL,NULL,47515
24743732,1547581,64,65,NULL,NULL,NULL,NULL,47515
24743733,1547581,65,66,NULL,NULL,NULL,NULL,47515
24743734,1547581,66,67,NULL,NULL,NULL,NULL,47515
24743735,1547581,67,68,NULL,NULL,NULL,NULL,47515
24743736,1547581,68,69,NULL,NULL,NULL,NULL,47515
24743737,1547581,69,70,NULL,NULL,NULL,NULL,47515
24743738,1547581,70,71,NULL,NULL,NULL,NULL,47515
24743739,1547581,71,72,NULL,NULL,NULL,NULL,47515
24743740,1547581,72,73,NULL,NULL,NULL,NULL,47515
24743741,1547581,73,74,NULL,NULL,NULL,NULL,47515
24743742,1547581,74,75,NULL,NULL,NULL,NULL,47515
24743743,1547581,75,76,NULL,NULL,NULL,NULL,47515
24743744,1547581,76,77,NULL,NULL,NULL,NULL,47515
24743745,1547581,77,78,NULL,NULL,NULL,NULL,47515
24743746,1547581,78,79,NULL,NULL,NULL,NULL,47515
24743747,1547581,79,80,NULL,NULL,NULL,NULL,47515
24743748,1547581,80,81,NULL,NULL,NULL,NULL,47515
24743749,1547581,81,82,NULL,NULL,NULL,NULL,47515
24743750,1547581,82,83,NULL,NULL,NULL,NULL,47515
24743751,1547581,83,84,NULL,NULL,NULL,NULL,47515
24743752,1547581,84,85,NULL,NULL,NULL,NULL,47515
24743753,1547581,85,86,NULL,NULL,NULL,NULL,47515
24743754,1547581,86,87,NULL,NULL,NULL,NULL,47515
24743755,1547581,87,88,NULL,NULL,NULL,NULL,47515
24743756,1547581,88,89,NULL,NULL,NULL,NULL,47515
24743757,1547581,89,90,NULL,NULL,NULL,NULL,47515
24743758,1547581,90,91,NULL,NULL,NULL,NULL,47515
24743759,1547581,91,92,NULL,NULL,NULL,NULL,47515
24743760,1547581,92,93,NULL,NULL,NULL,NULL,47515
24743761,1547581,93,94,NULL,NULL,NULL,NULL,47515
24743762,1547581,94,95,NULL,NULL,NULL,NULL,47515
24743763,1547581,95,96,NULL,NULL,NULL,NULL,47515
24743764,1547581,96,97,NULL,NULL,NULL,NULL,47515
24743765,1547581,97,98,NULL,NULL,NULL,NULL,47515
24743766,1547581,98,99,NULL,NULL,NULL,NULL,47515
24743767,1547581,99,100,NULL,NULL,NULL,NULL,47515
24743768,1547581,100,101,NULL,NULL,NULL,NULL,47515
24743769,1547581,101,102,NULL,NULL,NULL,NULL,47515
24743770,1547581,102,103,NULL,NULL,NULL,NULL,47515
24743771,1547581,103,104,NULL,NULL,NULL,NULL,47515
24743772,1547581,104,105,NULL,NULL,NULL,NULL,47515
24743773,1547581,105,106,NULL,NULL,NULL,NULL,47515
24743774,1547581,106,107,NULL,NULL,NULL,NULL,47515
24743775,1547581,107,108,NULL,NULL,NULL,NULL,47515
24743776,1547581,108,109,NULL,NULL,NULL,NULL,47515
24743777,1547581,109,110,NULL,NULL,NULL,NULL,47515
24743778,1547581,110,111,NULL,NULL,NULL,NULL,47515
24743779,1547581,111,112,NULL,NULL,NULL,NULL,47515
24743780,1547581,112,113,NULL,NULL,NULL,NULL,47515
24743781,1547581,113,114,NULL,NULL,NULL,NULL,47515
24743782,1547581,114,115,NULL,NULL,NULL,NULL,47515
24743783,1547581,115,116,NULL,NULL,NULL,NULL,47515
24743784,1547581,116,117,NULL,NULL,NULL,NULL,47515
24743785,1547581,117,118,NULL,NULL,NULL,NULL,47515
24743786,1547581,118,119,NULL,NULL,NULL,NULL,47515
24743787,1547581,119,120,NULL,NULL,NULL,NULL,47515
24743788,1547581,120,121,NULL,NULL,NULL,NULL,47515
24743917,1547584,83,84,NULL,NULL,NULL,NULL,47515
24743918,1547584,84,85,NULL,NULL,NULL,NULL,47515
24743919,1547584,85,86,NULL,NULL,NULL,NULL,47515
24743920,1547584,86,87,NULL,NULL,NULL,NULL,47515
24743921,1547584,87,88,NULL,NULL,NULL,NULL,47515
24743922,1547584,88,89,NULL,NULL,NULL,NULL,47515
24743923,1547584,89,90,NULL,NULL,NULL,NULL,47515
24743924,1547584,90,91,NULL,NULL,NULL,NULL,47515
24743925,1547584,91,92,NULL,NULL,NULL,NULL,47515
24743926,1547584,92,93,NULL,NULL,NULL,NULL,47515
24743927,1547584,93,94,NULL,NULL,NULL,NULL,47515
24743928,1547584,94,95,NULL,NULL,NULL,NULL,47515
24743929,1547584,95,96,NULL,NULL,NULL,NULL,47515
24743930,1547584,96,97,NULL,NULL,NULL,NULL,47515
24743931,1547584,97,98,NULL,NULL,NULL,NULL,47515
24743932,1547584,98,99,NULL,NULL,NULL,NULL,47515
24743933,1547584,99,100,NULL,NULL,NULL,NULL,47515
24743934,1547584,100,101,NULL,NULL,NULL,NULL,47515
24743935,1547584,101,102,NULL,NULL,NULL,NULL,47515
24743936,1547584,102,103,NULL,NULL,NULL,NULL,47515
24743937,1547584,103,104,NULL,NULL,NULL,NULL,47515
24743938,1547584,104,105,NULL,NULL,NULL,NULL,47515
24743939,1547584,105,106,NULL,NULL,NULL,NULL,47515
24743940,1547584,106,107,NULL,NULL,NULL,NULL,47515
24743941,1547584,107,108,NULL,NULL,NULL,NULL,47515
24743942,1547584,108,109,NULL,NULL,NULL,NULL,47515
24743943,1547584,109,110,NULL,NULL,NULL,NULL,47515
24743944,1547584,110,111,NULL,NULL,NULL,NULL,47515
24743945,1547584,111,112,NULL,NULL,NULL,NULL,47515
24743946,1547584,112,113,NULL,NULL,NULL,NULL,47515
24743947,1547584,113,114,NULL,NULL,NULL,NULL,47515
24743948,1547584,114,115,NULL,NULL,NULL,NULL,47515
24743949,1547584,0,1,NULL,NULL,NULL,NULL,47515
24743950,1547584,1,2,NULL,NULL,NULL,NULL,47515
24743951,1547584,2,3,NULL,NULL,NULL,NULL,47515
24743952,1547584,3,4,NULL,NULL,NULL,NULL,47515
24743953,1547584,4,5,NULL,NULL,NULL,NULL,47515
24743954,1547584,5,6,NULL,NULL,NULL,NULL,47515
24743955,1547584,6,7,NULL,NULL,NULL,NULL,47515
24743956,1547584,7,8,NULL,NULL,NULL,NULL,47515
24743957,1547584,8,9,NULL,NULL,NULL,NULL,47515
24743958,1547584,9,10,NULL,NULL,NULL,NULL,47515
24743959,1547584,10,11,NULL,NULL,NULL,NULL,47515
24743960,1547584,11,12,NULL,NULL,NULL,NULL,47515
24743961,1547584,12,13,NULL,NULL,NULL,NULL,47515
24743962,1547584,13,14,NULL,NULL,NULL,NULL,47515
24743963,1547584,14,15,NULL,NULL,NULL,NULL,47515
24743964,1547584,15,16,NULL,NULL,NULL,NULL,47515
24743965,1547584,16,17,NULL,NULL,NULL,NULL,47515
24743966,1547584,17,18,NULL,NULL,NULL,NULL,47515
24743967,1547584,18,19,NULL,NULL,NULL,NULL,47515
24743968,1547584,19,20,NULL,NULL,NULL,NULL,47515
24743969,1547584,20,21,NULL,NULL,NULL,NULL,47515
24743970,1547584,21,22,NULL,NULL,NULL,NULL,47515
24743971,1547584,22,23,NULL,NULL,NULL,NULL,47515
24743972,1547584,23,24,NULL,NULL,NULL,NULL,47515
24743973,1547584,24,25,NULL,NULL,NULL,NULL,47515
24743974,1547584,25,26,NULL,NULL,NULL,NULL,47515
24743975,1547584,26,27,NULL,NULL,NULL,NULL,47515
24743976,1547584,27,28,NULL,NULL,NULL,NULL,47515
24743977,1547584,28,29,NULL,NULL,NULL,NULL,47515
24743978,1547584,29,30,NULL,NULL,NULL,NULL,47515
24743979,1547584,30,31,NULL,NULL,NULL,NULL,47515
24743980,1547584,31,32,NULL,NULL,NULL,NULL,47515
24743981,1547584,32,33,NULL,NULL,NULL,NULL,47515
24743982,1547584,33,34,NULL,NULL,NULL,NULL,47515
24743983,1547584,34,35,NULL,NULL,NULL,NULL,47515
24743984,1547584,35,36,NULL,NULL,NULL,NULL,47515
24743985,1547584,36,37,NULL,NULL,NULL,NULL,47515
24743986,1547584,37,38,NULL,NULL,NULL,NULL,47515
24743987,1547584,38,39,NULL,NULL,NULL,NULL,47515
24743988,1547584,39,40,NULL,NULL,NULL,NULL,47515
24743989,1547584,40,41,NULL,NULL,NULL,NULL,47515
24743990,1547584,41,42,NULL,NULL,NULL,NULL,47515
24743991,1547584,42,43,NULL,NULL,NULL,NULL,47515
24743992,1547584,43,44,NULL,NULL,NULL,NULL,47515
24743993,1547584,44,45,NULL,NULL,NULL,NULL,47515
24743994,1547584,45,46,NULL,NULL,NULL,NULL,47515
24743995,1547584,46,47,NULL,NULL,NULL,NULL,47515
24743996,1547584,47,48,NULL,NULL,NULL,NULL,47515
24743997,1547584,48,49,NULL,NULL,NULL,NULL,47515
24743998,1547584,49,50,NULL,NULL,NULL,NULL,47515
24743999,1547584,50,51,NULL,NULL,NULL,NULL,47515
24744000,1547584,51,52,NULL,NULL,NULL,NULL,47515
24744001,1547584,52,53,NULL,NULL,NULL,NULL,47515
24744002,1547584,53,54,NULL,NULL,NULL,NULL,47515
24744003,1547584,54,55,NULL,NULL,NULL,NULL,47515
24744004,1547584,55,56,NULL,NULL,NULL,NULL,47515
24744005,1547584,56,57,NULL,NULL,NULL,NULL,47515
24744006,1547584,57,58,NULL,NULL,NULL,NULL,47515
24744007,1547584,58,59,NULL,NULL,NULL,NULL,47515
24744008,1547584,59,60,NULL,NULL,NULL,NULL,47515
24744009,1547584,60,61,NULL,NULL,NULL,NULL,47515
24744010,1547584,61,62,NULL,NULL,NULL,NULL,47515
24744011,1547584,62,63,NULL,NULL,NULL,NULL,47515
24744012,1547584,63,64,NULL,NULL,NULL,NULL,47515
24744013,1547584,64,65,NULL,NULL,NULL,NULL,47515
24744014,1547584,65,66,NULL,NULL,NULL,NULL,47515
24744015,1547584,66,67,NULL,NULL,NULL,NULL,47515
24744016,1547584,67,68,NULL,NULL,NULL,NULL,47515
24744017,1547584,68,69,NULL,NULL,NULL,NULL,47515
24744018,1547584,69,70,NULL,NULL,NULL,NULL,47515
24744019,1547584,70,71,NULL,NULL,NULL,NULL,47515
24744020,1547584,71,72,NULL,NULL,NULL,NULL,47515
24744021,1547584,72,73,NULL,NULL,NULL,NULL,47515
24744022,1547584,73,74,NULL,NULL,NULL,NULL,47515
24744023,1547584,74,75,NULL,NULL,NULL,NULL,47515
24744024,1547584,75,76,NULL,NULL,NULL,NULL,47515
24744025,1547584,76,77,NULL,NULL,NULL,NULL,47515
24744026,1547584,77,78,NULL,NULL,NULL,NULL,47515
24744027,1547584,78,79,NULL,NULL,NULL,NULL,47515
24744028,1547584,79,80,NULL,NULL,NULL,NULL,47515
24744029,1547584,80,81,NULL,NULL,NULL,NULL,47515
24744030,1547584,81,82,NULL,NULL,NULL,NULL,47515
24744031,1547584,82,83,NULL,NULL,NULL,NULL,47515
24744032,1547585,0,1,NULL,NULL,NULL,NULL,47515
24744033,1547585,1,2,NULL,NULL,NULL,NULL,47515
24744034,1547585,2,3,NULL,NULL,NULL,NULL,47515
24744035,1547585,3,4,NULL,NULL,NULL,NULL,47515
24744036,1547585,4,5,NULL,NULL,NULL,NULL,47515
24744037,1547585,5,6,NULL,NULL,NULL,NULL,47515
24744038,1547585,6,7,NULL,NULL,NULL,NULL,47515
24744039,1547585,7,8,NULL,NULL,NULL,NULL,47515
24744040,1547585,8,9,NULL,NULL,NULL,NULL,47515
24744041,1547585,9,10,NULL,NULL,NULL,NULL,47515
24744042,1547585,10,11,NULL,NULL,NULL,NULL,47515
24744043,1547585,11,12,NULL,NULL,NULL,NULL,47515
24744044,1547585,12,13,NULL,NULL,NULL,NULL,47515
24744045,1547585,13,14,NULL,NULL,NULL,NULL,47515
24744046,1547585,14,15,NULL,NULL,NULL,NULL,47515
24744047,1547585,15,16,NULL,NULL,NULL,NULL,47515
24744048,1547585,16,17,NULL,NULL,NULL,NULL,47515
24744049,1547585,17,18,NULL,NULL,NULL,NULL,47515
24744050,1547585,18,19,NULL,NULL,NULL,NULL,47515
24744051,1547585,19,20,NULL,NULL,NULL,NULL,47515
24744052,1547585,20,21,NULL,NULL,NULL,NULL,47515
24744053,1547585,21,22,NULL,NULL,NULL,NULL,47515
24744054,1547585,22,23,NULL,NULL,NULL,NULL,47515
24744055,1547585,23,24,NULL,NULL,NULL,NULL,47515
24744056,1547585,24,25,NULL,NULL,NULL,NULL,47515
24744057,1547585,25,26,NULL,NULL,NULL,NULL,47515
24744058,1547585,26,27,NULL,NULL,NULL,NULL,47515
24744059,1547585,27,28,NULL,NULL,NULL,NULL,47515
24744060,1547585,28,29,NULL,NULL,NULL,NULL,47515
24744061,1547585,29,30,NULL,NULL,NULL,NULL,47515
24744062,1547585,30,31,NULL,NULL,NULL,NULL,47515
24744063,1547585,31,32,NULL,NULL,NULL,NULL,47515
24744064,1547585,32,33,NULL,NULL,NULL,NULL,47515
24744065,1547585,33,34,NULL,NULL,NULL,NULL,47515
24744066,1547585,34,35,NULL,NULL,NULL,NULL,47515
24744067,1547585,35,36,NULL,NULL,NULL,NULL,47515
24744068,1547585,36,37,NULL,NULL,NULL,NULL,47515
24744069,1547585,37,38,NULL,NULL,NULL,NULL,47515
24744070,1547585,38,39,NULL,NULL,NULL,NULL,47515
24744071,1547585,39,40,NULL,NULL,NULL,NULL,47515
24744072,1547585,40,41,NULL,NULL,NULL,NULL,47515
24744073,1547585,41,42,NULL,NULL,NULL,NULL,47515
24744074,1547585,42,43,NULL,NULL,NULL,NULL,47515
24744075,1547585,43,44,NULL,NULL,NULL,NULL,47515
24744076,1547585,44,45,NULL,NULL,NULL,NULL,47515
24744077,1547585,45,46,NULL,NULL,NULL,NULL,47515
24744078,1547585,46,47,NULL,NULL,NULL,NULL,47515
24744079,1547585,47,48,NULL,NULL,NULL,NULL,47515
24744080,1547585,48,49,NULL,NULL,NULL,NULL,47515
24744081,1547585,49,50,NULL,NULL,NULL,NULL,47515
24744082,1547585,50,51,NULL,NULL,NULL,NULL,47515
24744083,1547585,51,52,NULL,NULL,NULL,NULL,47515
24744084,1547585,52,53,NULL,NULL,NULL,NULL,47515
24744085,1547585,53,54,NULL,NULL,NULL,NULL,47515
24744086,1547585,54,55,NULL,NULL,NULL,NULL,47515
24744087,1547585,55,56,NULL,NULL,NULL,NULL,47515
24744088,1547585,56,57,NULL,NULL,NULL,NULL,47515
24744089,1547585,57,58,NULL,NULL,NULL,NULL,47515
24744090,1547585,58,59,NULL,NULL,NULL,NULL,47515
24744091,1547585,59,60,NULL,NULL,NULL,NULL,47515
24744092,1547585,60,61,NULL,NULL,NULL,NULL,47515
24744093,1547585,61,62,NULL,NULL,NULL,NULL,47515
24744094,1547585,62,63,NULL,NULL,NULL,NULL,47515
24744095,1547585,63,64,NULL,NULL,NULL,NULL,47515
24744096,1547585,64,65,NULL,NULL,NULL,NULL,47515
24744097,1547585,65,66,NULL,NULL,NULL,NULL,47515
24744098,1547585,66,67,NULL,NULL,NULL,NULL,47515
24744099,1547585,67,68,NULL,NULL,NULL,NULL,47515
24744100,1547585,68,69,NULL,NULL,NULL,NULL,47515
24744101,1547585,69,70,NULL,NULL,NULL,NULL,47515
24744102,1547585,70,71,NULL,NULL,NULL,NULL,47515
24744103,1547585,71,72,NULL,NULL,NULL,NULL,47515
24744104,1547585,72,73,NULL,NULL,NULL,NULL,47515
24744105,1547585,73,74,NULL,NULL,NULL,NULL,47515
24744106,1547585,74,75,NULL,NULL,NULL,NULL,47515
24744107,1547585,75,76,NULL,NULL,NULL,NULL,47515
24744108,1547585,76,77,NULL,NULL,NULL,NULL,47515
24744109,1547585,77,78,NULL,NULL,NULL,NULL,47515
24744110,1547585,78,79,NULL,NULL,NULL,NULL,47515
24744111,1547585,79,80,NULL,NULL,NULL,NULL,47515
24744112,1547585,80,81,NULL,NULL,NULL,NULL,47515
24744113,1547585,81,82,NULL,NULL,NULL,NULL,47515
24744114,1547585,82,83,NULL,NULL,NULL,NULL,47515
24744115,1547585,83,84,NULL,NULL,NULL,NULL,47515
24744116,1547585,84,85,NULL,NULL,NULL,NULL,47515
24744117,1547585,85,86,NULL,NULL,NULL,NULL,47515
24744118,1547585,86,87,NULL,NULL,NULL,NULL,47515
24744119,1547585,87,88,NULL,NULL,NULL,NULL,47515
24744120,1547585,88,89,NULL,NULL,NULL,NULL,47515
24744121,1547585,89,90,NULL,NULL,NULL,NULL,47515
24744122,1547585,90,91,NULL,NULL,NULL,NULL,47515
24744123,1547585,91,92,NULL,NULL,NULL,NULL,47515
24744124,1547585,92,93,NULL,NULL,NULL,NULL,47515
24744125,1547585,93,94,NULL,NULL,NULL,NULL,47515
24744126,1547585,94,95,NULL,NULL,NULL,NULL,47515
24744127,1547585,95,96,NULL,NULL,NULL,NULL,47515
24744128,1547585,96,97,NULL,NULL,NULL,NULL,47515
24744129,1547585,97,98,NULL,NULL,NULL,NULL,47515
24744130,1547585,98,99,NULL,NULL,NULL,NULL,47515
24744131,1547585,99,100,NULL,NULL,NULL,NULL,47515
24744132,1547585,100,101,NULL,NULL,NULL,NULL,47515
24744133,1547585,101,102,NULL,NULL,NULL,NULL,47515
24744134,1547585,102,103,NULL,NULL,NULL,NULL,47515
24744135,1547585,103,104,NULL,NULL,NULL,NULL,47515
24744136,1547585,104,105,NULL,NULL,NULL,NULL,47515
24744137,1547585,105,106,NULL,NULL,NULL,NULL,47515
24744138,1547585,106,107,NULL,NULL,NULL,NULL,47515
24744139,1547585,107,108,NULL,NULL,NULL,NULL,47515
24744140,1547585,108,109,NULL,NULL,NULL,NULL,47515
24744141,1547585,109,110,NULL,NULL,NULL,NULL,47515
24744142,1547585,110,111,NULL,NULL,NULL,NULL,47515
24744143,1547585,111,112,NULL,NULL,NULL,NULL,47515
24744144,1547585,112,113,NULL,NULL,NULL,NULL,47515
24744145,1547585,113,114,NULL,NULL,NULL,NULL,47515
24744146,1547585,114,115,NULL,NULL,NULL,NULL,47515
24744147,1547585,115,116,NULL,NULL,NULL,NULL,47515
24744148,1547585,116,117,NULL,NULL,NULL,NULL,47515
24744149,1547585,117,118,NULL,NULL,NULL,NULL,47515
24744150,1547585,118,119,NULL,NULL,NULL,NULL,47515
24744151,1547585,119,120,NULL,NULL,NULL,NULL,47515
24744291,1547588,0,1,NULL,NULL,NULL,NULL,47515
24744292,1547588,1,2,NULL,NULL,NULL,NULL,47515
24744293,1547588,2,3,NULL,NULL,NULL,NULL,47515
24744294,1547588,3,4,NULL,NULL,NULL,NULL,47515
24744295,1547588,4,5,NULL,NULL,NULL,NULL,47515
24744296,1547588,5,6,NULL,NULL,NULL,NULL,47515
24744297,1547588,6,7,NULL,NULL,NULL,NULL,47515
24744298,1547588,7,8,NULL,NULL,NULL,NULL,47515
24744299,1547588,8,9,NULL,NULL,NULL,NULL,47515
24744300,1547588,9,10,NULL,NULL,NULL,NULL,47515
24744301,1547588,10,11,NULL,NULL,NULL,NULL,47515
24744302,1547588,11,12,NULL,NULL,NULL,NULL,47515
24744303,1547588,12,13,NULL,NULL,NULL,NULL,47515
24744304,1547588,13,14,NULL,NULL,NULL,NULL,47515
24744305,1547588,14,15,NULL,NULL,NULL,NULL,47515
24744306,1547588,15,16,NULL,NULL,NULL,NULL,47515
24744307,1547588,16,17,NULL,NULL,NULL,NULL,47515
24744308,1547588,17,18,NULL,NULL,NULL,NULL,47515
24744309,1547588,18,19,NULL,NULL,NULL,NULL,47515
24744310,1547588,19,20,NULL,NULL,NULL,NULL,47515
24744311,1547588,20,21,NULL,NULL,NULL,NULL,47515
24744312,1547588,21,22,NULL,NULL,NULL,NULL,47515
24744313,1547588,22,23,NULL,NULL,NULL,NULL,47515
24744314,1547588,23,24,NULL,NULL,NULL,NULL,47515
24744315,1547588,24,25,NULL,NULL,NULL,NULL,47515
24744316,1547588,25,26,NULL,NULL,NULL,NULL,47515
24744317,1547588,26,27,NULL,NULL,NULL,NULL,47515
24744318,1547588,27,28,NULL,NULL,NULL,NULL,47515
24744319,1547588,28,29,NULL,NULL,NULL,NULL,47515
24744320,1547588,29,30,NULL,NULL,NULL,NULL,47515
24744321,1547588,30,31,NULL,NULL,NULL,NULL,47515
24744322,1547588,31,32,NULL,NULL,NULL,NULL,47515
24744323,1547588,32,33,NULL,NULL,NULL,NULL,47515
24744324,1547588,33,34,NULL,NULL,NULL,NULL,47515
24744325,1547588,34,35,NULL,NULL,NULL,NULL,47515
24744326,1547588,35,36,NULL,NULL,NULL,NULL,47515
24744327,1547588,36,37,NULL,NULL,NULL,NULL,47515
24744328,1547588,37,38,NULL,NULL,NULL,NULL,47515
24744329,1547588,38,39,NULL,NULL,NULL,NULL,47515
24744330,1547588,39,40,NULL,NULL,NULL,NULL,47515
24744331,1547588,40,41,NULL,NULL,NULL,NULL,47515
24744332,1547588,41,42,NULL,NULL,NULL,NULL,47515
24744333,1547588,42,43,NULL,NULL,NULL,NULL,47515
24744334,1547588,43,44,NULL,NULL,NULL,NULL,47515
24744335,1547588,44,45,NULL,NULL,NULL,NULL,47515
24744336,1547588,45,46,NULL,NULL,NULL,NULL,47515
24744337,1547588,46,47,NULL,NULL,NULL,NULL,47515
24744338,1547588,47,48,NULL,NULL,NULL,NULL,47515
24744339,1547588,48,49,NULL,NULL,NULL,NULL,47515
24744340,1547588,49,50,NULL,NULL,NULL,NULL,47515
24744341,1547588,50,51,NULL,NULL,NULL,NULL,47515
24744342,1547588,51,52,NULL,NULL,NULL,NULL,47515
24744343,1547588,52,53,NULL,NULL,NULL,NULL,47515
24744344,1547588,53,54,NULL,NULL,NULL,NULL,47515
24744345,1547588,54,55,NULL,NULL,NULL,NULL,47515
24744346,1547588,55,56,NULL,NULL,NULL,NULL,47515
24744347,1547588,56,57,NULL,NULL,NULL,NULL,47515
24744348,1547588,57,58,NULL,NULL,NULL,NULL,47515
24744349,1547588,58,59,NULL,NULL,NULL,NULL,47515
24744350,1547588,59,60,NULL,NULL,NULL,NULL,47515
24744351,1547588,60,61,NULL,NULL,NULL,NULL,47515
24744352,1547588,61,62,NULL,NULL,NULL,NULL,47515
24744353,1547588,62,63,NULL,NULL,NULL,NULL,47515
24744354,1547588,63,64,NULL,NULL,NULL,NULL,47515
24744355,1547588,64,65,NULL,NULL,NULL,NULL,47515
24744356,1547588,65,66,NULL,NULL,NULL,NULL,47515
24744357,1547588,66,67,NULL,NULL,NULL,NULL,47515
24744358,1547588,67,68,NULL,NULL,NULL,NULL,47515
24744359,1547588,68,69,NULL,NULL,NULL,NULL,47515
24744360,1547588,69,70,NULL,NULL,NULL,NULL,47515
24744361,1547588,70,71,NULL,NULL,NULL,NULL,47515
24744362,1547588,71,72,NULL,NULL,NULL,NULL,47515
24744363,1547588,72,73,NULL,NULL,NULL,NULL,47515
24744364,1547588,73,74,NULL,NULL,NULL,NULL,47515
24744365,1547588,74,75,NULL,NULL,NULL,NULL,47515
24744366,1547588,75,76,NULL,NULL,NULL,NULL,47515
24744367,1547588,76,77,NULL,NULL,NULL,NULL,47515
24744368,1547588,77,78,NULL,NULL,NULL,NULL,47515
24744369,1547588,78,79,NULL,NULL,NULL,NULL,47515
24744370,1547588,79,80,NULL,NULL,NULL,NULL,47515
24744371,1547588,80,81,NULL,NULL,NULL,NULL,47515
24744372,1547588,81,82,NULL,NULL,NULL,NULL,47515
24744373,1547588,82,83,NULL,NULL,NULL,NULL,47515
24744374,1547588,83,84,NULL,NULL,NULL,NULL,47515
24744375,1547588,84,85,NULL,NULL,NULL,NULL,47515
24744376,1547588,85,86,NULL,NULL,NULL,NULL,47515
24744377,1547588,86,87,NULL,NULL,NULL,NULL,47515
24744378,1547588,87,88,NULL,NULL,NULL,NULL,47515
24744379,1547588,88,89,NULL,NULL,NULL,NULL,47515
24744380,1547588,89,90,NULL,NULL,NULL,NULL,47515
24744381,1547588,90,91,NULL,NULL,NULL,NULL,47515
24744382,1547588,91,92,NULL,NULL,NULL,NULL,47515
24744383,1547588,92,93,NULL,NULL,NULL,NULL,47515
24744384,1547588,93,94,NULL,NULL,NULL,NULL,47515
24744385,1547588,94,95,NULL,NULL,NULL,NULL,47515
24744386,1547588,95,96,NULL,NULL,NULL,NULL,47515
24744387,1547588,96,97,NULL,NULL,NULL,NULL,47515
24744388,1547588,97,98,NULL,NULL,NULL,NULL,47515
24744389,1547588,98,99,NULL,NULL,NULL,NULL,47515
24744390,1547588,99,100,NULL,NULL,NULL,NULL,47515
24744391,1547588,100,101,NULL,NULL,NULL,NULL,47515
24744392,1547588,101,102,NULL,NULL,NULL,NULL,47515
24744393,1547588,102,103,NULL,NULL,NULL,NULL,47515
24744394,1547588,103,104,NULL,NULL,NULL,NULL,47515
24744395,1547588,104,105,NULL,NULL,NULL,NULL,47515
24744396,1547588,105,106,NULL,NULL,NULL,NULL,47515
24744397,1547588,106,107,NULL,NULL,NULL,NULL,47515
24744398,1547588,107,108,NULL,NULL,NULL,NULL,47515
24744399,1547588,108,109,NULL,NULL,NULL,NULL,47515
24744400,1547588,109,110,NULL,NULL,NULL,NULL,47515
24744401,1547588,110,111,NULL,NULL,NULL,NULL,47515
24744402,1547588,111,112,NULL,NULL,NULL,NULL,47515
24744403,1547588,112,113,NULL,NULL,NULL,NULL,47515
24744404,1547588,113,114,NULL,NULL,NULL,NULL,47515
24744405,1547588,114,115,NULL,NULL,NULL,NULL,47515
24744406,1547588,115,116,NULL,NULL,NULL,NULL,47515
24744407,1547588,116,117,NULL,NULL,NULL,NULL,47515
24744408,1547588,117,118,NULL,NULL,NULL,NULL,47515
24744409,1547588,118,119,NULL,NULL,NULL,NULL,47515
24744410,1547588,119,120,NULL,NULL,NULL,NULL,47515
24744471,1547590,12,13,NULL,NULL,NULL,NULL,47515
24744472,1547590,13,14,NULL,NULL,NULL,NULL,47515
24744473,1547590,14,15,NULL,NULL,NULL,NULL,47515
24744474,1547590,15,16,NULL,NULL,NULL,NULL,47515
24744475,1547590,16,17,NULL,NULL,NULL,NULL,47515
24744476,1547590,17,18,NULL,NULL,NULL,NULL,47515
24744477,1547590,18,19,NULL,NULL,NULL,NULL,47515
24744478,1547590,19,20,NULL,NULL,NULL,NULL,47515
24744479,1547590,20,21,NULL,NULL,NULL,NULL,47515
24744480,1547590,21,22,NULL,NULL,NULL,NULL,47515
24744481,1547590,22,23,NULL,NULL,NULL,NULL,47515
24744482,1547590,23,24,NULL,NULL,NULL,NULL,47515
24744483,1547590,24,25,NULL,NULL,NULL,NULL,47515
24744484,1547590,25,26,NULL,NULL,NULL,NULL,47515
24744485,1547590,26,27,NULL,NULL,NULL,NULL,47515
24744486,1547590,27,28,NULL,NULL,NULL,NULL,47515
24744487,1547590,28,29,NULL,NULL,NULL,NULL,47515
24744488,1547590,29,30,NULL,NULL,NULL,NULL,47515
24744489,1547590,30,31,NULL,NULL,NULL,NULL,47515
24744490,1547590,31,32,NULL,NULL,NULL,NULL,47515
24744491,1547590,32,33,NULL,NULL,NULL,NULL,47515
24744492,1547590,33,34,NULL,NULL,NULL,NULL,47515
24744493,1547590,34,35,NULL,NULL,NULL,NULL,47515
24744494,1547590,35,36,NULL,NULL,NULL,NULL,47515
24744495,1547590,36,37,NULL,NULL,NULL,NULL,47515
24744496,1547590,37,38,NULL,NULL,NULL,NULL,47515
24744497,1547590,38,39,NULL,NULL,NULL,NULL,47515
24744498,1547590,39,40,NULL,NULL,NULL,NULL,47515
24744499,1547590,40,41,NULL,NULL,NULL,NULL,47515
24744500,1547590,41,42,NULL,NULL,NULL,NULL,47515
24744501,1547590,42,43,NULL,NULL,NULL,NULL,47515
24744502,1547590,43,44,NULL,NULL,NULL,NULL,47515
24744503,1547590,44,45,NULL,NULL,NULL,NULL,47515
24744504,1547590,45,46,NULL,NULL,NULL,NULL,47515
24744505,1547590,46,47,NULL,NULL,NULL,NULL,47515
24744506,1547590,47,48,NULL,NULL,NULL,NULL,47515
24744507,1547590,48,49,NULL,NULL,NULL,NULL,47515
24744508,1547590,49,50,NULL,NULL,NULL,NULL,47515
24744509,1547590,50,51,NULL,NULL,NULL,NULL,47515
24744510,1547590,51,52,NULL,NULL,NULL,NULL,47515
24744511,1547590,52,53,NULL,NULL,NULL,NULL,47515
24744512,1547590,53,54,NULL,NULL,NULL,NULL,47515
24744513,1547590,54,55,NULL,NULL,NULL,NULL,47515
24744514,1547590,55,56,NULL,NULL,NULL,NULL,47515
24744515,1547590,56,57,NULL,NULL,NULL,NULL,47515
24744516,1547590,57,58,NULL,NULL,NULL,NULL,47515
24744517,1547590,58,59,NULL,NULL,NULL,NULL,47515
24744518,1547590,59,60,NULL,NULL,NULL,NULL,47515
24744519,1547590,60,61,NULL,NULL,NULL,NULL,47515
24744520,1547590,61,62,NULL,NULL,NULL,NULL,47515
24744521,1547590,62,63,NULL,NULL,NULL,NULL,47515
24744522,1547590,63,64,NULL,NULL,NULL,NULL,47515
24744523,1547590,64,65,NULL,NULL,NULL,NULL,47515
24744524,1547590,65,66,NULL,NULL,NULL,NULL,47515
24744525,1547590,66,67,NULL,NULL,NULL,NULL,47515
24744526,1547590,67,68,NULL,NULL,NULL,NULL,47515
24744527,1547590,68,69,NULL,NULL,NULL,NULL,47515
24744528,1547590,69,70,NULL,NULL,NULL,NULL,47515
24744529,1547590,70,71,NULL,NULL,NULL,NULL,47515
24744530,1547590,71,72,NULL,NULL,NULL,NULL,47515
24744531,1547590,72,73,NULL,NULL,NULL,NULL,47515
24744532,1547590,73,74,NULL,NULL,NULL,NULL,47515
24744533,1547590,74,75,NULL,NULL,NULL,NULL,47515
24744534,1547590,75,76,NULL,NULL,NULL,NULL,47515
24744535,1547590,76,77,NULL,NULL,NULL,NULL,47515
24744536,1547590,77,78,NULL,NULL,NULL,NULL,47515
24744537,1547590,78,79,NULL,NULL,NULL,NULL,47515
24744538,1547590,79,80,NULL,NULL,NULL,NULL,47515
24744539,1547590,80,81,NULL,NULL,NULL,NULL,47515
24744540,1547590,81,82,NULL,NULL,NULL,NULL,47515
24744541,1547590,82,83,NULL,NULL,NULL,NULL,47515
24744542,1547590,83,84,NULL,NULL,NULL,NULL,47515
24744543,1547590,84,85,NULL,NULL,NULL,NULL,47515
24744544,1547590,85,86,NULL,NULL,NULL,NULL,47515
24744545,1547590,86,87,NULL,NULL,NULL,NULL,47515
24744546,1547590,87,88,NULL,NULL,NULL,NULL,47515
24744547,1547590,88,89,NULL,NULL,NULL,NULL,47515
24744548,1547590,89,90,NULL,NULL,NULL,NULL,47515
24744549,1547590,90,91,NULL,NULL,NULL,NULL,47515
24744550,1547590,91,92,NULL,NULL,NULL,NULL,47515
24744551,1547590,92,93,NULL,NULL,NULL,NULL,47515
24744552,1547590,93,94,NULL,NULL,NULL,NULL,47515
24744553,1547590,94,95,NULL,NULL,NULL,NULL,47515
24744554,1547590,95,96,NULL,NULL,NULL,NULL,47515
24744555,1547590,96,97,NULL,NULL,NULL,NULL,47515
24744556,1547590,97,98,NULL,NULL,NULL,NULL,47515
24744557,1547590,98,99,NULL,NULL,NULL,NULL,47515
24744558,1547590,99,100,NULL,NULL,NULL,NULL,47515
24744559,1547590,100,101,NULL,NULL,NULL,NULL,47515
24744560,1547590,101,102,NULL,NULL,NULL,NULL,47515
24744561,1547590,102,103,NULL,NULL,NULL,NULL,47515
24744562,1547590,103,104,NULL,NULL,NULL,NULL,47515
24744563,1547590,104,105,NULL,NULL,NULL,NULL,47515
24744564,1547590,105,106,NULL,NULL,NULL,NULL,47515
24744565,1547590,106,107,NULL,NULL,NULL,NULL,47515
24744566,1547590,107,108,NULL,NULL,NULL,NULL,47515
24744567,1547590,108,109,NULL,NULL,NULL,NULL,47515
24744568,1547590,0,1,NULL,NULL,NULL,NULL,47515
24744569,1547590,1,2,NULL,NULL,NULL,NULL,47515
24744570,1547590,2,3,NULL,NULL,NULL,NULL,47515
24744571,1547590,3,4,NULL,NULL,NULL,NULL,47515
24744572,1547590,4,5,NULL,NULL,NULL,NULL,47515
24744573,1547590,5,6,NULL,NULL,NULL,NULL,47515
24744574,1547590,6,7,NULL,NULL,NULL,NULL,47515
24744575,1547590,7,8,NULL,NULL,NULL,NULL,47515
24744576,1547590,8,9,NULL,NULL,NULL,NULL,47515
24744577,1547590,9,10,NULL,NULL,NULL,NULL,47515
24744578,1547590,10,11,NULL,NULL,NULL,NULL,47515
24744579,1547590,11,12,NULL,NULL,NULL,NULL,47515
24744719,1547593,0,1,NULL,NULL,NULL,NULL,47515
24744720,1547593,1,2,NULL,NULL,NULL,NULL,47515
24744721,1547593,2,3,NULL,NULL,NULL,NULL,47515
24744722,1547593,3,4,NULL,NULL,NULL,NULL,47515
24744723,1547593,4,5,NULL,NULL,NULL,NULL,47515
24744724,1547593,5,6,NULL,NULL,NULL,NULL,47515
24744725,1547593,6,7,NULL,NULL,NULL,NULL,47515
24744726,1547593,7,8,NULL,NULL,NULL,NULL,47515
24744727,1547593,8,9,NULL,NULL,NULL,NULL,47515
24744728,1547593,9,10,NULL,NULL,NULL,NULL,47515
